
CREATE
    DATABASE IF NOT EXISTS `FDMS_Final` /*!40100 DEFAULT CHARACTER SET utf8mb4 COLLATE utf8mb4_0900_ai_ci */ /*!80016 DEFAULT ENCRYPTION = 'N' */;
USE FDMS_Final;
/*!40101 SET @OLD_CHARACTER_SET_CLIENT = @@CHARACTER_SET_CLIENT */;
/*!40101 SET @OLD_CHARACTER_SET_RESULTS = @@CHARACTER_SET_RESULTS */;
/*!40101 SET @OLD_COLLATION_CONNECTION = @@COLLATION_CONNECTION */;
/*!50503 SET NAMES utf8 */;
/*!40103 SET @OLD_TIME_ZONE = @@TIME_ZONE */;
/*!40103 SET TIME_ZONE = '+00:00' */;
/*!40014 SET @OLD_UNIQUE_CHECKS = @@UNIQUE_CHECKS, UNIQUE_CHECKS = 0 */;
/*!40014 SET @OLD_FOREIGN_KEY_CHECKS = @@FOREIGN_KEY_CHECKS, FOREIGN_KEY_CHECKS = 0 */;
/*!40101 SET @OLD_SQL_MODE = @@SQL_MODE, SQL_MODE = 'NO_AUTO_VALUE_ON_ZERO' */;
/*!40111 SET @OLD_SQL_NOTES = @@SQL_NOTES, SQL_NOTES = 0 */;
DROP TABLE IF EXISTS `bed`;
/*!40101 SET @saved_cs_client = @@character_set_client */;
/*!50503 SET character_set_client = utf8mb4 */;
CREATE TABLE bed (
    bed_id BIGINT PRIMARY KEY AUTO_INCREMENT,
    bed_name VARCHAR(20) DEFAULT NULL,
    created_at DATETIME DEFAULT NULL,
    status VARCHAR(50) DEFAULT NULL,
    updated_at DATETIME DEFAULT NULL,
    room_id BIGINT DEFAULT NULL,
    FOREIGN KEY (room_id)
        REFERENCES room (room_id)
        ON DELETE CASCADE
)  ENGINE=INNODB AUTO_INCREMENT=1024 DEFAULT CHARSET=UTF8MB4 COLLATE = UTF8MB4_0900_AI_CI;
/*!40101 SET character_set_client = @saved_cs_client */;
--
-- Dumping data for table `bed`
--
LOCK
    TABLES `bed` WRITE;
/*!40000 ALTER TABLE `bed`
    DISABLE KEYS */;
INSERT INTO `bed`
VALUES (1, 'G505 - Bed 1', CURRENT_TIMESTAMP, 'booked', CURRENT_TIMESTAMP, 175),
(2, 'G405 - Bed 1', CURRENT_TIMESTAMP, 'booked', CURRENT_TIMESTAMP, 174),
(3, 'G305 - Bed 1', CURRENT_TIMESTAMP, 'vacant', CURRENT_TIMESTAMP, 173),
(4, 'G205 - Bed 1', CURRENT_TIMESTAMP, 'vacant', CURRENT_TIMESTAMP, 172),
(5, 'G105 - Bed 1', CURRENT_TIMESTAMP, 'vacant', CURRENT_TIMESTAMP, 171),
(6, 'F505 - Bed 1', CURRENT_TIMESTAMP, 'vacant', CURRENT_TIMESTAMP, 170),
(7, 'F405 - Bed 1', CURRENT_TIMESTAMP, 'vacant', CURRENT_TIMESTAMP, 169),
(8, 'F305 - Bed 1', CURRENT_TIMESTAMP, 'vacant', CURRENT_TIMESTAMP, 168),
(9, 'F205 - Bed 1', CURRENT_TIMESTAMP, 'vacant', CURRENT_TIMESTAMP, 167),
(10, 'F105 - Bed 1', CURRENT_TIMESTAMP, 'vacant', CURRENT_TIMESTAMP, 166),
(11, 'E505 - Bed 1', CURRENT_TIMESTAMP, 'vacant', CURRENT_TIMESTAMP, 165),
(12, 'E405 - Bed 1', CURRENT_TIMESTAMP, 'vacant', CURRENT_TIMESTAMP, 164),
(13, 'E305 - Bed 1', CURRENT_TIMESTAMP, 'vacant', CURRENT_TIMESTAMP, 163),
(14, 'E205 - Bed 1', CURRENT_TIMESTAMP, 'vacant', CURRENT_TIMESTAMP, 162),
(15, 'E105 - Bed 1', CURRENT_TIMESTAMP, 'vacant', CURRENT_TIMESTAMP, 161),
(16, 'D505 - Bed 1', CURRENT_TIMESTAMP, 'vacant', CURRENT_TIMESTAMP, 160),
(17, 'D405 - Bed 1', CURRENT_TIMESTAMP, 'vacant', CURRENT_TIMESTAMP, 159),
(18, 'D305 - Bed 1', CURRENT_TIMESTAMP, 'vacant', CURRENT_TIMESTAMP, 158),
(19, 'D205 - Bed 1', CURRENT_TIMESTAMP, 'vacant', CURRENT_TIMESTAMP, 157),
(20, 'D105 - Bed 1', CURRENT_TIMESTAMP, 'vacant', CURRENT_TIMESTAMP, 156),
(21, 'C505 - Bed 1', CURRENT_TIMESTAMP, 'vacant', CURRENT_TIMESTAMP, 155),
(22, 'C405 - Bed 1', CURRENT_TIMESTAMP, 'vacant', CURRENT_TIMESTAMP, 154),
(23, 'C305 - Bed 1', CURRENT_TIMESTAMP, 'vacant', CURRENT_TIMESTAMP, 153),
(24, 'C205 - Bed 1', CURRENT_TIMESTAMP, 'vacant', CURRENT_TIMESTAMP, 152),
(25, 'C105 - Bed 1', CURRENT_TIMESTAMP, 'vacant', CURRENT_TIMESTAMP, 151),
(26, 'B505 - Bed 1', CURRENT_TIMESTAMP, 'vacant', CURRENT_TIMESTAMP, 150),
(27, 'B405 - Bed 1', CURRENT_TIMESTAMP, 'vacant', CURRENT_TIMESTAMP, 149),
(28, 'B305 - Bed 1', CURRENT_TIMESTAMP, 'vacant', CURRENT_TIMESTAMP, 148),
(29, 'B205 - Bed 1', CURRENT_TIMESTAMP, 'vacant', CURRENT_TIMESTAMP, 147),
(30, 'B105 - Bed 1', CURRENT_TIMESTAMP, 'vacant', CURRENT_TIMESTAMP, 146),
(31, 'A505 - Bed 1', CURRENT_TIMESTAMP, 'vacant', CURRENT_TIMESTAMP, 145),
(32, 'A405 - Bed 1', CURRENT_TIMESTAMP, 'vacant', CURRENT_TIMESTAMP, 144),
(33, 'A305 - Bed 1', CURRENT_TIMESTAMP, 'vacant', CURRENT_TIMESTAMP, 143),
(34, 'A205 - Bed 1', CURRENT_TIMESTAMP, 'vacant', CURRENT_TIMESTAMP, 142),
(35, 'A105 - Bed 1', CURRENT_TIMESTAMP, 'vacant', CURRENT_TIMESTAMP, 141),
(36, 'G504 - Bed 1', CURRENT_TIMESTAMP, 'vacant', CURRENT_TIMESTAMP, 140),
(37, 'G404 - Bed 1', CURRENT_TIMESTAMP, 'vacant', CURRENT_TIMESTAMP, 139),
(38, 'G304 - Bed 1', CURRENT_TIMESTAMP, 'vacant', CURRENT_TIMESTAMP, 138),
(39, 'G204 - Bed 1', CURRENT_TIMESTAMP, 'vacant', CURRENT_TIMESTAMP, 137),
(40, 'G104 - Bed 1', CURRENT_TIMESTAMP, 'vacant', CURRENT_TIMESTAMP, 136),
(41, 'F504 - Bed 1', CURRENT_TIMESTAMP, 'vacant', CURRENT_TIMESTAMP, 135),
(42, 'F404 - Bed 1', CURRENT_TIMESTAMP, 'vacant', CURRENT_TIMESTAMP, 134),
(43, 'F304 - Bed 1', CURRENT_TIMESTAMP, 'vacant', CURRENT_TIMESTAMP, 133),
(44, 'F204 - Bed 1', CURRENT_TIMESTAMP, 'vacant', CURRENT_TIMESTAMP, 132),
(45, 'F104 - Bed 1', CURRENT_TIMESTAMP, 'vacant', CURRENT_TIMESTAMP, 131),
(46, 'E504 - Bed 1', CURRENT_TIMESTAMP, 'vacant', CURRENT_TIMESTAMP, 130),
(47, 'E404 - Bed 1', CURRENT_TIMESTAMP, 'vacant', CURRENT_TIMESTAMP, 129),
(48, 'E304 - Bed 1', CURRENT_TIMESTAMP, 'vacant', CURRENT_TIMESTAMP, 128),
(49, 'E204 - Bed 1', CURRENT_TIMESTAMP, 'vacant', CURRENT_TIMESTAMP, 127),
(50, 'E104 - Bed 1', CURRENT_TIMESTAMP, 'vacant', CURRENT_TIMESTAMP, 126),
(51, 'D504 - Bed 1', CURRENT_TIMESTAMP, 'vacant', CURRENT_TIMESTAMP, 125),
(52, 'D404 - Bed 1', CURRENT_TIMESTAMP, 'vacant', CURRENT_TIMESTAMP, 124),
(53, 'D304 - Bed 1', CURRENT_TIMESTAMP, 'vacant', CURRENT_TIMESTAMP, 123),
(54, 'D204 - Bed 1', CURRENT_TIMESTAMP, 'vacant', CURRENT_TIMESTAMP, 122),
(55, 'D104 - Bed 1', CURRENT_TIMESTAMP, 'vacant', CURRENT_TIMESTAMP, 121),
(56, 'C504 - Bed 1', CURRENT_TIMESTAMP, 'vacant', CURRENT_TIMESTAMP, 120),
(57, 'C404 - Bed 1', CURRENT_TIMESTAMP, 'vacant', CURRENT_TIMESTAMP, 119),
(58, 'C304 - Bed 1', CURRENT_TIMESTAMP, 'vacant', CURRENT_TIMESTAMP, 118),
(59, 'C204 - Bed 1', CURRENT_TIMESTAMP, 'vacant', CURRENT_TIMESTAMP, 117),
(60, 'C104 - Bed 1', CURRENT_TIMESTAMP, 'vacant', CURRENT_TIMESTAMP, 116),
(61, 'B504 - Bed 1', CURRENT_TIMESTAMP, 'vacant', CURRENT_TIMESTAMP, 115),
(62, 'B404 - Bed 1', CURRENT_TIMESTAMP, 'vacant', CURRENT_TIMESTAMP, 114),
(63, 'B304 - Bed 1', CURRENT_TIMESTAMP, 'vacant', CURRENT_TIMESTAMP, 113),
(64, 'B204 - Bed 1', CURRENT_TIMESTAMP, 'vacant', CURRENT_TIMESTAMP, 112),
(65, 'B104 - Bed 1', CURRENT_TIMESTAMP, 'vacant', CURRENT_TIMESTAMP, 111),
(66, 'A504 - Bed 1', CURRENT_TIMESTAMP, 'vacant', CURRENT_TIMESTAMP, 110),
(67, 'A404 - Bed 1', CURRENT_TIMESTAMP, 'vacant', CURRENT_TIMESTAMP, 109),
(68, 'A304 - Bed 1', CURRENT_TIMESTAMP, 'vacant', CURRENT_TIMESTAMP, 108),
(69, 'A204 - Bed 1', CURRENT_TIMESTAMP, 'vacant', CURRENT_TIMESTAMP, 107),
(70, 'A104 - Bed 1', CURRENT_TIMESTAMP, 'vacant', CURRENT_TIMESTAMP, 106),
(71, 'G503 - Bed 1', CURRENT_TIMESTAMP, 'vacant', CURRENT_TIMESTAMP, 105),
(72, 'G403 - Bed 1', CURRENT_TIMESTAMP, 'vacant', CURRENT_TIMESTAMP, 104),
(73, 'G303 - Bed 1', CURRENT_TIMESTAMP, 'vacant', CURRENT_TIMESTAMP, 103),
(74, 'G203 - Bed 1', CURRENT_TIMESTAMP, 'vacant', CURRENT_TIMESTAMP, 102),
(75, 'G103 - Bed 1', CURRENT_TIMESTAMP, 'vacant', CURRENT_TIMESTAMP, 101),
(76, 'F503 - Bed 1', CURRENT_TIMESTAMP, 'vacant', CURRENT_TIMESTAMP, 100),
(77, 'F403 - Bed 1', CURRENT_TIMESTAMP, 'vacant', CURRENT_TIMESTAMP, 99),
(78, 'F303 - Bed 1', CURRENT_TIMESTAMP, 'vacant', CURRENT_TIMESTAMP, 98),
(79, 'F203 - Bed 1', CURRENT_TIMESTAMP, 'vacant', CURRENT_TIMESTAMP, 97),
(80, 'F103 - Bed 1', CURRENT_TIMESTAMP, 'vacant', CURRENT_TIMESTAMP, 96),
(81, 'E503 - Bed 1', CURRENT_TIMESTAMP, 'vacant', CURRENT_TIMESTAMP, 95),
(82, 'E403 - Bed 1', CURRENT_TIMESTAMP, 'vacant', CURRENT_TIMESTAMP, 94),
(83, 'E303 - Bed 1', CURRENT_TIMESTAMP, 'vacant', CURRENT_TIMESTAMP, 93),
(84, 'E203 - Bed 1', CURRENT_TIMESTAMP, 'vacant', CURRENT_TIMESTAMP, 92),
(85, 'E103 - Bed 1', CURRENT_TIMESTAMP, 'vacant', CURRENT_TIMESTAMP, 91),
(86, 'D503 - Bed 1', CURRENT_TIMESTAMP, 'vacant', CURRENT_TIMESTAMP, 90),
(87, 'D403 - Bed 1', CURRENT_TIMESTAMP, 'vacant', CURRENT_TIMESTAMP, 89),
(88, 'D303 - Bed 1', CURRENT_TIMESTAMP, 'vacant', CURRENT_TIMESTAMP, 88),
(89, 'D203 - Bed 1', CURRENT_TIMESTAMP, 'vacant', CURRENT_TIMESTAMP, 87),
(90, 'D103 - Bed 1', CURRENT_TIMESTAMP, 'vacant', CURRENT_TIMESTAMP, 86),
(91, 'C503 - Bed 1', CURRENT_TIMESTAMP, 'vacant', CURRENT_TIMESTAMP, 85),
(92, 'C403 - Bed 1', CURRENT_TIMESTAMP, 'vacant', CURRENT_TIMESTAMP, 84),
(93, 'C303 - Bed 1', CURRENT_TIMESTAMP, 'vacant', CURRENT_TIMESTAMP, 83),
(94, 'C203 - Bed 1', CURRENT_TIMESTAMP, 'vacant', CURRENT_TIMESTAMP, 82),
(95, 'C103 - Bed 1', CURRENT_TIMESTAMP, 'vacant', CURRENT_TIMESTAMP, 81),
(96, 'B503 - Bed 1', CURRENT_TIMESTAMP, 'vacant', CURRENT_TIMESTAMP, 80),
(97, 'B403 - Bed 1', CURRENT_TIMESTAMP, 'vacant', CURRENT_TIMESTAMP, 79),
(98, 'B303 - Bed 1', CURRENT_TIMESTAMP, 'vacant', CURRENT_TIMESTAMP, 78),
(99, 'B203 - Bed 1', CURRENT_TIMESTAMP, 'vacant', CURRENT_TIMESTAMP, 77),
(100, 'B103 - Bed 1', CURRENT_TIMESTAMP, 'vacant', CURRENT_TIMESTAMP, 76),
(101, 'A503 - Bed 1', CURRENT_TIMESTAMP, 'vacant', CURRENT_TIMESTAMP, 75),
(102, 'A403 - Bed 1', CURRENT_TIMESTAMP, 'vacant', CURRENT_TIMESTAMP, 74),
(103, 'A303 - Bed 1', CURRENT_TIMESTAMP, 'vacant', CURRENT_TIMESTAMP, 73),
(104, 'A203 - Bed 1', CURRENT_TIMESTAMP, 'vacant', CURRENT_TIMESTAMP, 72),
(105, 'A103 - Bed 1', CURRENT_TIMESTAMP, 'vacant', CURRENT_TIMESTAMP, 71),
(106, 'G502 - Bed 1', CURRENT_TIMESTAMP, 'vacant', CURRENT_TIMESTAMP, 70),
(107, 'G402 - Bed 1', CURRENT_TIMESTAMP, 'vacant', CURRENT_TIMESTAMP, 69),
(108, 'G302 - Bed 1', CURRENT_TIMESTAMP, 'vacant', CURRENT_TIMESTAMP, 68),
(109, 'G202 - Bed 1', CURRENT_TIMESTAMP, 'vacant', CURRENT_TIMESTAMP, 67),
(110, 'G102 - Bed 1', CURRENT_TIMESTAMP, 'vacant', CURRENT_TIMESTAMP, 66),
(111, 'F502 - Bed 1', CURRENT_TIMESTAMP, 'vacant', CURRENT_TIMESTAMP, 65),
(112, 'F402 - Bed 1', CURRENT_TIMESTAMP, 'vacant', CURRENT_TIMESTAMP, 64),
(113, 'F302 - Bed 1', CURRENT_TIMESTAMP, 'vacant', CURRENT_TIMESTAMP, 63),
(114, 'F202 - Bed 1', CURRENT_TIMESTAMP, 'vacant', CURRENT_TIMESTAMP, 62),
(115, 'F102 - Bed 1', CURRENT_TIMESTAMP, 'vacant', CURRENT_TIMESTAMP, 61),
(116, 'E502 - Bed 1', CURRENT_TIMESTAMP, 'vacant', CURRENT_TIMESTAMP, 60),
(117, 'E402 - Bed 1', CURRENT_TIMESTAMP, 'vacant', CURRENT_TIMESTAMP, 59),
(118, 'E302 - Bed 1', CURRENT_TIMESTAMP, 'vacant', CURRENT_TIMESTAMP, 58),
(119, 'E202 - Bed 1', CURRENT_TIMESTAMP, 'vacant', CURRENT_TIMESTAMP, 57),
(120, 'E102 - Bed 1', CURRENT_TIMESTAMP, 'vacant', CURRENT_TIMESTAMP, 56),
(121, 'D502 - Bed 1', CURRENT_TIMESTAMP, 'vacant', CURRENT_TIMESTAMP, 55),
(122, 'D402 - Bed 1', CURRENT_TIMESTAMP, 'vacant', CURRENT_TIMESTAMP, 54),
(123, 'D302 - Bed 1', CURRENT_TIMESTAMP, 'vacant', CURRENT_TIMESTAMP, 53),
(124, 'D202 - Bed 1', CURRENT_TIMESTAMP, 'vacant', CURRENT_TIMESTAMP, 52),
(125, 'D102 - Bed 1', CURRENT_TIMESTAMP, 'vacant', CURRENT_TIMESTAMP, 51),
(126, 'C502 - Bed 1', CURRENT_TIMESTAMP, 'vacant', CURRENT_TIMESTAMP, 50),
(127, 'C402 - Bed 1', CURRENT_TIMESTAMP, 'vacant', CURRENT_TIMESTAMP, 49),
(128, 'C302 - Bed 1', CURRENT_TIMESTAMP, 'vacant', CURRENT_TIMESTAMP, 48),
(129, 'C202 - Bed 1', CURRENT_TIMESTAMP, 'vacant', CURRENT_TIMESTAMP, 47),
(130, 'C102 - Bed 1', CURRENT_TIMESTAMP, 'vacant', CURRENT_TIMESTAMP, 46),
(131, 'B502 - Bed 1', CURRENT_TIMESTAMP, 'vacant', CURRENT_TIMESTAMP, 45),
(132, 'B402 - Bed 1', CURRENT_TIMESTAMP, 'vacant', CURRENT_TIMESTAMP, 44),
(133, 'B302 - Bed 1', CURRENT_TIMESTAMP, 'vacant', CURRENT_TIMESTAMP, 43),
(134, 'B202 - Bed 1', CURRENT_TIMESTAMP, 'vacant', CURRENT_TIMESTAMP, 42),
(135, 'B102 - Bed 1', CURRENT_TIMESTAMP, 'vacant', CURRENT_TIMESTAMP, 41),
(136, 'A502 - Bed 1', CURRENT_TIMESTAMP, 'vacant', CURRENT_TIMESTAMP, 40),
(137, 'A402 - Bed 1', CURRENT_TIMESTAMP, 'vacant', CURRENT_TIMESTAMP, 39),
(138, 'A302 - Bed 1', CURRENT_TIMESTAMP, 'vacant', CURRENT_TIMESTAMP, 38),
(139, 'A202 - Bed 1', CURRENT_TIMESTAMP, 'vacant', CURRENT_TIMESTAMP, 37),
(140, 'A102 - Bed 1', CURRENT_TIMESTAMP, 'vacant', CURRENT_TIMESTAMP, 36),
(141, 'G501 - Bed 1', CURRENT_TIMESTAMP, 'vacant', CURRENT_TIMESTAMP, 35),
(142, 'G401 - Bed 1', CURRENT_TIMESTAMP, 'vacant', CURRENT_TIMESTAMP, 34),
(143, 'G301 - Bed 1', CURRENT_TIMESTAMP, 'vacant', CURRENT_TIMESTAMP, 33),
(144, 'G201 - Bed 1', CURRENT_TIMESTAMP, 'vacant', CURRENT_TIMESTAMP, 32),
(145, 'G101 - Bed 1', CURRENT_TIMESTAMP, 'vacant', CURRENT_TIMESTAMP, 31),
(146, 'F501 - Bed 1', CURRENT_TIMESTAMP, 'vacant', CURRENT_TIMESTAMP, 30),
(147, 'F401 - Bed 1', CURRENT_TIMESTAMP, 'vacant', CURRENT_TIMESTAMP, 29),
(148, 'F301 - Bed 1', CURRENT_TIMESTAMP, 'vacant', CURRENT_TIMESTAMP, 28),
(149, 'F201 - Bed 1', CURRENT_TIMESTAMP, 'vacant', CURRENT_TIMESTAMP, 27),
(150, 'F101 - Bed 1', CURRENT_TIMESTAMP, 'vacant', CURRENT_TIMESTAMP, 26),
(151, 'E501 - Bed 1', CURRENT_TIMESTAMP, 'vacant', CURRENT_TIMESTAMP, 25),
(152, 'E401 - Bed 1', CURRENT_TIMESTAMP, 'vacant', CURRENT_TIMESTAMP, 24),
(153, 'E301 - Bed 1', CURRENT_TIMESTAMP, 'vacant', CURRENT_TIMESTAMP, 23),
(154, 'E201 - Bed 1', CURRENT_TIMESTAMP, 'vacant', CURRENT_TIMESTAMP, 22),
(155, 'E101 - Bed 1', CURRENT_TIMESTAMP, 'vacant', CURRENT_TIMESTAMP, 21),
(156, 'D501 - Bed 1', CURRENT_TIMESTAMP, 'vacant', CURRENT_TIMESTAMP, 20),
(157, 'D401 - Bed 1', CURRENT_TIMESTAMP, 'vacant', CURRENT_TIMESTAMP, 19),
(158, 'D301 - Bed 1', CURRENT_TIMESTAMP, 'vacant', CURRENT_TIMESTAMP, 18),
(159, 'D201 - Bed 1', CURRENT_TIMESTAMP, 'vacant', CURRENT_TIMESTAMP, 17),
(160, 'D101 - Bed 1', CURRENT_TIMESTAMP, 'vacant', CURRENT_TIMESTAMP, 16),
(161, 'C501 - Bed 1', CURRENT_TIMESTAMP, 'vacant', CURRENT_TIMESTAMP, 15),
(162, 'C401 - Bed 1', CURRENT_TIMESTAMP, 'vacant', CURRENT_TIMESTAMP, 14),
(163, 'C301 - Bed 1', CURRENT_TIMESTAMP, 'vacant', CURRENT_TIMESTAMP, 13),
(164, 'C201 - Bed 1', CURRENT_TIMESTAMP, 'vacant', CURRENT_TIMESTAMP, 12),
(165, 'C101 - Bed 1', CURRENT_TIMESTAMP, 'vacant', CURRENT_TIMESTAMP, 11),
(166, 'B501 - Bed 1', CURRENT_TIMESTAMP, 'vacant', CURRENT_TIMESTAMP, 10),
(167, 'B401 - Bed 1', CURRENT_TIMESTAMP, 'vacant', CURRENT_TIMESTAMP, 9),
(168, 'B301 - Bed 1', CURRENT_TIMESTAMP, 'vacant', CURRENT_TIMESTAMP, 8),
(169, 'B201 - Bed 1', CURRENT_TIMESTAMP, 'vacant', CURRENT_TIMESTAMP, 7),
(170, 'B101 - Bed 1', CURRENT_TIMESTAMP, 'vacant', CURRENT_TIMESTAMP, 6),
(171, 'A501 - Bed 1', CURRENT_TIMESTAMP, 'vacant', CURRENT_TIMESTAMP, 5),
(172, 'A401 - Bed 1', CURRENT_TIMESTAMP, 'vacant', CURRENT_TIMESTAMP, 4),
(173, 'A301 - Bed 1', CURRENT_TIMESTAMP, 'vacant', CURRENT_TIMESTAMP, 3),
(174, 'A201 - Bed 1', CURRENT_TIMESTAMP, 'vacant', CURRENT_TIMESTAMP, 2),
(175, 'A101 - Bed 1', CURRENT_TIMESTAMP, 'vacant', CURRENT_TIMESTAMP, 1),
(176, 'G505 - Bed 2', CURRENT_TIMESTAMP, 'vacant', CURRENT_TIMESTAMP, 175),
(177, 'G405 - Bed 2', CURRENT_TIMESTAMP, 'vacant', CURRENT_TIMESTAMP, 174),
(178, 'G305 - Bed 2', CURRENT_TIMESTAMP, 'vacant', CURRENT_TIMESTAMP, 173),
(179, 'G205 - Bed 2', CURRENT_TIMESTAMP, 'vacant', CURRENT_TIMESTAMP, 172),
(180, 'G105 - Bed 2', CURRENT_TIMESTAMP, 'vacant', CURRENT_TIMESTAMP, 171),
(181, 'F505 - Bed 2', CURRENT_TIMESTAMP, 'vacant', CURRENT_TIMESTAMP, 170),
(182, 'F405 - Bed 2', CURRENT_TIMESTAMP, 'vacant', CURRENT_TIMESTAMP, 169),
(183, 'F305 - Bed 2', CURRENT_TIMESTAMP, 'vacant', CURRENT_TIMESTAMP, 168),
(184, 'F205 - Bed 2', CURRENT_TIMESTAMP, 'vacant', CURRENT_TIMESTAMP, 167),
(185, 'F105 - Bed 2', CURRENT_TIMESTAMP, 'vacant', CURRENT_TIMESTAMP, 166),
(186, 'E505 - Bed 2', CURRENT_TIMESTAMP, 'vacant', CURRENT_TIMESTAMP, 165),
(187, 'E405 - Bed 2', CURRENT_TIMESTAMP, 'vacant', CURRENT_TIMESTAMP, 164),
(188, 'E305 - Bed 2', CURRENT_TIMESTAMP, 'vacant', CURRENT_TIMESTAMP, 163),
(189, 'E205 - Bed 2', CURRENT_TIMESTAMP, 'vacant', CURRENT_TIMESTAMP, 162),
(190, 'E105 - Bed 2', CURRENT_TIMESTAMP, 'vacant', CURRENT_TIMESTAMP, 161),
(191, 'D505 - Bed 2', CURRENT_TIMESTAMP, 'vacant', CURRENT_TIMESTAMP, 160),
(192, 'D405 - Bed 2', CURRENT_TIMESTAMP, 'vacant', CURRENT_TIMESTAMP, 159),
(193, 'D305 - Bed 2', CURRENT_TIMESTAMP, 'vacant', CURRENT_TIMESTAMP, 158),
(194, 'D205 - Bed 2', CURRENT_TIMESTAMP, 'vacant', CURRENT_TIMESTAMP, 157),
(195, 'D105 - Bed 2', CURRENT_TIMESTAMP, 'vacant', CURRENT_TIMESTAMP, 156),
(196, 'C505 - Bed 2', CURRENT_TIMESTAMP, 'vacant', CURRENT_TIMESTAMP, 155),
(197, 'C405 - Bed 2', CURRENT_TIMESTAMP, 'vacant', CURRENT_TIMESTAMP, 154),
(198, 'C305 - Bed 2', CURRENT_TIMESTAMP, 'vacant', CURRENT_TIMESTAMP, 153),
(199, 'C205 - Bed 2', CURRENT_TIMESTAMP, 'vacant', CURRENT_TIMESTAMP, 152),
(200, 'C105 - Bed 2', CURRENT_TIMESTAMP, 'vacant', CURRENT_TIMESTAMP, 151),
(201, 'B505 - Bed 2', CURRENT_TIMESTAMP, 'vacant', CURRENT_TIMESTAMP, 150),
(202, 'B405 - Bed 2', CURRENT_TIMESTAMP, 'vacant', CURRENT_TIMESTAMP, 149),
(203, 'B305 - Bed 2', CURRENT_TIMESTAMP, 'vacant', CURRENT_TIMESTAMP, 148),
(204, 'B205 - Bed 2', CURRENT_TIMESTAMP, 'vacant', CURRENT_TIMESTAMP, 147),
(205, 'B105 - Bed 2', CURRENT_TIMESTAMP, 'vacant', CURRENT_TIMESTAMP, 146),
(206, 'A505 - Bed 2', CURRENT_TIMESTAMP, 'vacant', CURRENT_TIMESTAMP, 145),
(207, 'A405 - Bed 2', CURRENT_TIMESTAMP, 'vacant', CURRENT_TIMESTAMP, 144),
(208, 'A305 - Bed 2', CURRENT_TIMESTAMP, 'vacant', CURRENT_TIMESTAMP, 143),
(209, 'A205 - Bed 2', CURRENT_TIMESTAMP, 'vacant', CURRENT_TIMESTAMP, 142),
(210, 'A105 - Bed 2', CURRENT_TIMESTAMP, 'vacant', CURRENT_TIMESTAMP, 141),
(211, 'G504 - Bed 2', CURRENT_TIMESTAMP, 'vacant', CURRENT_TIMESTAMP, 140),
(212, 'G404 - Bed 2', CURRENT_TIMESTAMP, 'vacant', CURRENT_TIMESTAMP, 139),
(213, 'G304 - Bed 2', CURRENT_TIMESTAMP, 'vacant', CURRENT_TIMESTAMP, 138),
(214, 'G204 - Bed 2', CURRENT_TIMESTAMP, 'vacant', CURRENT_TIMESTAMP, 137),
(215, 'G104 - Bed 2', CURRENT_TIMESTAMP, 'vacant', CURRENT_TIMESTAMP, 136),
(216, 'F504 - Bed 2', CURRENT_TIMESTAMP, 'vacant', CURRENT_TIMESTAMP, 135),
(217, 'F404 - Bed 2', CURRENT_TIMESTAMP, 'vacant', CURRENT_TIMESTAMP, 134),
(218, 'F304 - Bed 2', CURRENT_TIMESTAMP, 'vacant', CURRENT_TIMESTAMP, 133),
(219, 'F204 - Bed 2', CURRENT_TIMESTAMP, 'vacant', CURRENT_TIMESTAMP, 132),
(220, 'F104 - Bed 2', CURRENT_TIMESTAMP, 'vacant', CURRENT_TIMESTAMP, 131),
(221, 'E504 - Bed 2', CURRENT_TIMESTAMP, 'vacant', CURRENT_TIMESTAMP, 130),
(222, 'E404 - Bed 2', CURRENT_TIMESTAMP, 'vacant', CURRENT_TIMESTAMP, 129),
(223, 'E304 - Bed 2', CURRENT_TIMESTAMP, 'vacant', CURRENT_TIMESTAMP, 128),
(224, 'E204 - Bed 2', CURRENT_TIMESTAMP, 'vacant', CURRENT_TIMESTAMP, 127),
(225, 'E104 - Bed 2', CURRENT_TIMESTAMP, 'vacant', CURRENT_TIMESTAMP, 126),
(226, 'D504 - Bed 2', CURRENT_TIMESTAMP, 'vacant', CURRENT_TIMESTAMP, 125),
(227, 'D404 - Bed 2', CURRENT_TIMESTAMP, 'vacant', CURRENT_TIMESTAMP, 124),
(228, 'D304 - Bed 2', CURRENT_TIMESTAMP, 'vacant', CURRENT_TIMESTAMP, 123),
(229, 'D204 - Bed 2', CURRENT_TIMESTAMP, 'vacant', CURRENT_TIMESTAMP, 122),
(230, 'D104 - Bed 2', CURRENT_TIMESTAMP, 'vacant', CURRENT_TIMESTAMP, 121),
(231, 'C504 - Bed 2', CURRENT_TIMESTAMP, 'vacant', CURRENT_TIMESTAMP, 120),
(232, 'C404 - Bed 2', CURRENT_TIMESTAMP, 'vacant', CURRENT_TIMESTAMP, 119),
(233, 'C304 - Bed 2', CURRENT_TIMESTAMP, 'vacant', CURRENT_TIMESTAMP, 118),
(234, 'C204 - Bed 2', CURRENT_TIMESTAMP, 'vacant', CURRENT_TIMESTAMP, 117),
(235, 'C104 - Bed 2', CURRENT_TIMESTAMP, 'vacant', CURRENT_TIMESTAMP, 116),
(236, 'B504 - Bed 2', CURRENT_TIMESTAMP, 'vacant', CURRENT_TIMESTAMP, 115),
(237, 'B404 - Bed 2', CURRENT_TIMESTAMP, 'vacant', CURRENT_TIMESTAMP, 114),
(238, 'B304 - Bed 2', CURRENT_TIMESTAMP, 'vacant', CURRENT_TIMESTAMP, 113),
(239, 'B204 - Bed 2', CURRENT_TIMESTAMP, 'vacant', CURRENT_TIMESTAMP, 112),
(240, 'B104 - Bed 2', CURRENT_TIMESTAMP, 'vacant', CURRENT_TIMESTAMP, 111),
(241, 'A504 - Bed 2', CURRENT_TIMESTAMP, 'vacant', CURRENT_TIMESTAMP, 110),
(242, 'A404 - Bed 2', CURRENT_TIMESTAMP, 'vacant', CURRENT_TIMESTAMP, 109),
(243, 'A304 - Bed 2', CURRENT_TIMESTAMP, 'vacant', CURRENT_TIMESTAMP, 108),
(244, 'A204 - Bed 2', CURRENT_TIMESTAMP, 'vacant', CURRENT_TIMESTAMP, 107),
(245, 'A104 - Bed 2', CURRENT_TIMESTAMP, 'vacant', CURRENT_TIMESTAMP, 106),
(246, 'G503 - Bed 2', CURRENT_TIMESTAMP, 'vacant', CURRENT_TIMESTAMP, 105),
(247, 'G403 - Bed 2', CURRENT_TIMESTAMP, 'vacant', CURRENT_TIMESTAMP, 104),
(248, 'G303 - Bed 2', CURRENT_TIMESTAMP, 'vacant', CURRENT_TIMESTAMP, 103),
(249, 'G203 - Bed 2', CURRENT_TIMESTAMP, 'vacant', CURRENT_TIMESTAMP, 102),
(250, 'G103 - Bed 2', CURRENT_TIMESTAMP, 'vacant', CURRENT_TIMESTAMP, 101),
(251, 'F503 - Bed 2', CURRENT_TIMESTAMP, 'vacant', CURRENT_TIMESTAMP, 100),
(252, 'F403 - Bed 2', CURRENT_TIMESTAMP, 'vacant', CURRENT_TIMESTAMP, 99),
(253, 'F303 - Bed 2', CURRENT_TIMESTAMP, 'vacant', CURRENT_TIMESTAMP, 98),
(254, 'F203 - Bed 2', CURRENT_TIMESTAMP, 'vacant', CURRENT_TIMESTAMP, 97),
(255, 'F103 - Bed 2', CURRENT_TIMESTAMP, 'vacant', CURRENT_TIMESTAMP, 96),
(256, 'E503 - Bed 2', CURRENT_TIMESTAMP, 'vacant', CURRENT_TIMESTAMP, 95),
(257, 'E403 - Bed 2', CURRENT_TIMESTAMP, 'vacant', CURRENT_TIMESTAMP, 94),
(258, 'E303 - Bed 2', CURRENT_TIMESTAMP, 'vacant', CURRENT_TIMESTAMP, 93),
(259, 'E203 - Bed 2', CURRENT_TIMESTAMP, 'vacant', CURRENT_TIMESTAMP, 92),
(260, 'E103 - Bed 2', CURRENT_TIMESTAMP, 'vacant', CURRENT_TIMESTAMP, 91),
(261, 'D503 - Bed 2', CURRENT_TIMESTAMP, 'vacant', CURRENT_TIMESTAMP, 90),
(262, 'D403 - Bed 2', CURRENT_TIMESTAMP, 'vacant', CURRENT_TIMESTAMP, 89),
(263, 'D303 - Bed 2', CURRENT_TIMESTAMP, 'vacant', CURRENT_TIMESTAMP, 88),
(264, 'D203 - Bed 2', CURRENT_TIMESTAMP, 'vacant', CURRENT_TIMESTAMP, 87),
(265, 'D103 - Bed 2', CURRENT_TIMESTAMP, 'vacant', CURRENT_TIMESTAMP, 86),
(266, 'C503 - Bed 2', CURRENT_TIMESTAMP, 'vacant', CURRENT_TIMESTAMP, 85),
(267, 'C403 - Bed 2', CURRENT_TIMESTAMP, 'vacant', CURRENT_TIMESTAMP, 84),
(268, 'C303 - Bed 2', CURRENT_TIMESTAMP, 'vacant', CURRENT_TIMESTAMP, 83),
(269, 'C203 - Bed 2', CURRENT_TIMESTAMP, 'vacant', CURRENT_TIMESTAMP, 82),
(270, 'C103 - Bed 2', CURRENT_TIMESTAMP, 'vacant', CURRENT_TIMESTAMP, 81),
(271, 'B503 - Bed 2', CURRENT_TIMESTAMP, 'vacant', CURRENT_TIMESTAMP, 80),
(272, 'B403 - Bed 2', CURRENT_TIMESTAMP, 'vacant', CURRENT_TIMESTAMP, 79),
(273, 'B303 - Bed 2', CURRENT_TIMESTAMP, 'vacant', CURRENT_TIMESTAMP, 78),
(274, 'B203 - Bed 2', CURRENT_TIMESTAMP, 'vacant', CURRENT_TIMESTAMP, 77),
(275, 'B103 - Bed 2', CURRENT_TIMESTAMP, 'vacant', CURRENT_TIMESTAMP, 76),
(276, 'A503 - Bed 2', CURRENT_TIMESTAMP, 'vacant', CURRENT_TIMESTAMP, 75),
(277, 'A403 - Bed 2', CURRENT_TIMESTAMP, 'vacant', CURRENT_TIMESTAMP, 74),
(278, 'A303 - Bed 2', CURRENT_TIMESTAMP, 'vacant', CURRENT_TIMESTAMP, 73),
(279, 'A203 - Bed 2', CURRENT_TIMESTAMP, 'vacant', CURRENT_TIMESTAMP, 72),
(280, 'A103 - Bed 2', CURRENT_TIMESTAMP, 'vacant', CURRENT_TIMESTAMP, 71),
(281, 'G502 - Bed 2', CURRENT_TIMESTAMP, 'vacant', CURRENT_TIMESTAMP, 70),
(282, 'G402 - Bed 2', CURRENT_TIMESTAMP, 'vacant', CURRENT_TIMESTAMP, 69),
(283, 'G302 - Bed 2', CURRENT_TIMESTAMP, 'vacant', CURRENT_TIMESTAMP, 68),
(284, 'G202 - Bed 2', CURRENT_TIMESTAMP, 'vacant', CURRENT_TIMESTAMP, 67),
(285, 'G102 - Bed 2', CURRENT_TIMESTAMP, 'vacant', CURRENT_TIMESTAMP, 66),
(286, 'F502 - Bed 2', CURRENT_TIMESTAMP, 'vacant', CURRENT_TIMESTAMP, 65),
(287, 'F402 - Bed 2', CURRENT_TIMESTAMP, 'vacant', CURRENT_TIMESTAMP, 64),
(288, 'F302 - Bed 2', CURRENT_TIMESTAMP, 'vacant', CURRENT_TIMESTAMP, 63),
(289, 'F202 - Bed 2', CURRENT_TIMESTAMP, 'vacant', CURRENT_TIMESTAMP, 62),
(290, 'F102 - Bed 2', CURRENT_TIMESTAMP, 'vacant', CURRENT_TIMESTAMP, 61),
(291, 'E502 - Bed 2', CURRENT_TIMESTAMP, 'vacant', CURRENT_TIMESTAMP, 60),
(292, 'E402 - Bed 2', CURRENT_TIMESTAMP, 'vacant', CURRENT_TIMESTAMP, 59),
(293, 'E302 - Bed 2', CURRENT_TIMESTAMP, 'vacant', CURRENT_TIMESTAMP, 58),
(294, 'E202 - Bed 2', CURRENT_TIMESTAMP, 'vacant', CURRENT_TIMESTAMP, 57),
(295, 'E102 - Bed 2', CURRENT_TIMESTAMP, 'vacant', CURRENT_TIMESTAMP, 56),
(296, 'D502 - Bed 2', CURRENT_TIMESTAMP, 'vacant', CURRENT_TIMESTAMP, 55),
(297, 'D402 - Bed 2', CURRENT_TIMESTAMP, 'vacant', CURRENT_TIMESTAMP, 54),
(298, 'D302 - Bed 2', CURRENT_TIMESTAMP, 'vacant', CURRENT_TIMESTAMP, 53),
(299, 'D202 - Bed 2', CURRENT_TIMESTAMP, 'vacant', CURRENT_TIMESTAMP, 52),
(300, 'D102 - Bed 2', CURRENT_TIMESTAMP, 'vacant', CURRENT_TIMESTAMP, 51),
(301, 'C502 - Bed 2', CURRENT_TIMESTAMP, 'vacant', CURRENT_TIMESTAMP, 50),
(302, 'C402 - Bed 2', CURRENT_TIMESTAMP, 'vacant', CURRENT_TIMESTAMP, 49),
(303, 'C302 - Bed 2', CURRENT_TIMESTAMP, 'vacant', CURRENT_TIMESTAMP, 48),
(304, 'C202 - Bed 2', CURRENT_TIMESTAMP, 'vacant', CURRENT_TIMESTAMP, 47),
(305, 'C102 - Bed 2', CURRENT_TIMESTAMP, 'vacant', CURRENT_TIMESTAMP, 46),
(306, 'B502 - Bed 2', CURRENT_TIMESTAMP, 'vacant', CURRENT_TIMESTAMP, 45),
(307, 'B402 - Bed 2', CURRENT_TIMESTAMP, 'vacant', CURRENT_TIMESTAMP, 44),
(308, 'B302 - Bed 2', CURRENT_TIMESTAMP, 'vacant', CURRENT_TIMESTAMP, 43),
(309, 'B202 - Bed 2', CURRENT_TIMESTAMP, 'vacant', CURRENT_TIMESTAMP, 42),
(310, 'B102 - Bed 2', CURRENT_TIMESTAMP, 'vacant', CURRENT_TIMESTAMP, 41),
(311, 'A502 - Bed 2', CURRENT_TIMESTAMP, 'vacant', CURRENT_TIMESTAMP, 40),
(312, 'A402 - Bed 2', CURRENT_TIMESTAMP, 'vacant', CURRENT_TIMESTAMP, 39),
(313, 'A302 - Bed 2', CURRENT_TIMESTAMP, 'vacant', CURRENT_TIMESTAMP, 38),
(314, 'A202 - Bed 2', CURRENT_TIMESTAMP, 'vacant', CURRENT_TIMESTAMP, 37),
(315, 'A102 - Bed 2', CURRENT_TIMESTAMP, 'vacant', CURRENT_TIMESTAMP, 36),
(316, 'G501 - Bed 2', CURRENT_TIMESTAMP, 'vacant', CURRENT_TIMESTAMP, 35),
(317, 'G401 - Bed 2', CURRENT_TIMESTAMP, 'vacant', CURRENT_TIMESTAMP, 34),
(318, 'G301 - Bed 2', CURRENT_TIMESTAMP, 'vacant', CURRENT_TIMESTAMP, 33),
(319, 'G201 - Bed 2', CURRENT_TIMESTAMP, 'vacant', CURRENT_TIMESTAMP, 32),
(320, 'G101 - Bed 2', CURRENT_TIMESTAMP, 'vacant', CURRENT_TIMESTAMP, 31),
(321, 'F501 - Bed 2', CURRENT_TIMESTAMP, 'vacant', CURRENT_TIMESTAMP, 30),
(322, 'F401 - Bed 2', CURRENT_TIMESTAMP, 'vacant', CURRENT_TIMESTAMP, 29),
(323, 'F301 - Bed 2', CURRENT_TIMESTAMP, 'vacant', CURRENT_TIMESTAMP, 28),
(324, 'F201 - Bed 2', CURRENT_TIMESTAMP, 'vacant', CURRENT_TIMESTAMP, 27),
(325, 'F101 - Bed 2', CURRENT_TIMESTAMP, 'vacant', CURRENT_TIMESTAMP, 26),
(326, 'E501 - Bed 2', CURRENT_TIMESTAMP, 'vacant', CURRENT_TIMESTAMP, 25),
(327, 'E401 - Bed 2', CURRENT_TIMESTAMP, 'vacant', CURRENT_TIMESTAMP, 24),
(328, 'E301 - Bed 2', CURRENT_TIMESTAMP, 'vacant', CURRENT_TIMESTAMP, 23),
(329, 'E201 - Bed 2', CURRENT_TIMESTAMP, 'vacant', CURRENT_TIMESTAMP, 22),
(330, 'E101 - Bed 2', CURRENT_TIMESTAMP, 'vacant', CURRENT_TIMESTAMP, 21),
(331, 'D501 - Bed 2', CURRENT_TIMESTAMP, 'vacant', CURRENT_TIMESTAMP, 20),
(332, 'D401 - Bed 2', CURRENT_TIMESTAMP, 'vacant', CURRENT_TIMESTAMP, 19),
(333, 'D301 - Bed 2', CURRENT_TIMESTAMP, 'vacant', CURRENT_TIMESTAMP, 18),
(334, 'D201 - Bed 2', CURRENT_TIMESTAMP, 'vacant', CURRENT_TIMESTAMP, 17),
(335, 'D101 - Bed 2', CURRENT_TIMESTAMP, 'vacant', CURRENT_TIMESTAMP, 16),
(336, 'C501 - Bed 2', CURRENT_TIMESTAMP, 'vacant', CURRENT_TIMESTAMP, 15),
(337, 'C401 - Bed 2', CURRENT_TIMESTAMP, 'vacant', CURRENT_TIMESTAMP, 14),
(338, 'C301 - Bed 2', CURRENT_TIMESTAMP, 'vacant', CURRENT_TIMESTAMP, 13),
(339, 'C201 - Bed 2', CURRENT_TIMESTAMP, 'vacant', CURRENT_TIMESTAMP, 12),
(340, 'C101 - Bed 2', CURRENT_TIMESTAMP, 'vacant', CURRENT_TIMESTAMP, 11),
(341, 'B501 - Bed 2', CURRENT_TIMESTAMP, 'vacant', CURRENT_TIMESTAMP, 10),
(342, 'B401 - Bed 2', CURRENT_TIMESTAMP, 'vacant', CURRENT_TIMESTAMP, 9),
(343, 'B301 - Bed 2', CURRENT_TIMESTAMP, 'vacant', CURRENT_TIMESTAMP, 8),
(344, 'B201 - Bed 2', CURRENT_TIMESTAMP, 'vacant', CURRENT_TIMESTAMP, 7),
(345, 'B101 - Bed 2', CURRENT_TIMESTAMP, 'vacant', CURRENT_TIMESTAMP, 6),
(346, 'A501 - Bed 2', CURRENT_TIMESTAMP, 'vacant', CURRENT_TIMESTAMP, 5),
(347, 'A401 - Bed 2', CURRENT_TIMESTAMP, 'vacant', CURRENT_TIMESTAMP, 4),
(348, 'A301 - Bed 2', CURRENT_TIMESTAMP, 'vacant', CURRENT_TIMESTAMP, 3),
(349, 'A201 - Bed 2', CURRENT_TIMESTAMP, 'vacant', CURRENT_TIMESTAMP, 2),
(350, 'A101 - Bed 2', CURRENT_TIMESTAMP, 'vacant', CURRENT_TIMESTAMP, 1),
(351, 'G505 - Bed 3', CURRENT_TIMESTAMP, 'vacant', CURRENT_TIMESTAMP, 175),
(352, 'G405 - Bed 3', CURRENT_TIMESTAMP, 'vacant', CURRENT_TIMESTAMP, 174),
(353, 'G305 - Bed 3', CURRENT_TIMESTAMP, 'vacant', CURRENT_TIMESTAMP, 173),
(354, 'G205 - Bed 3', CURRENT_TIMESTAMP, 'vacant', CURRENT_TIMESTAMP, 172),
(355, 'G105 - Bed 3', CURRENT_TIMESTAMP, 'vacant', CURRENT_TIMESTAMP, 171),
(356, 'F505 - Bed 3', CURRENT_TIMESTAMP, 'vacant', CURRENT_TIMESTAMP, 170),
(357, 'F405 - Bed 3', CURRENT_TIMESTAMP, 'vacant', CURRENT_TIMESTAMP, 169),
(358, 'F305 - Bed 3', CURRENT_TIMESTAMP, 'vacant', CURRENT_TIMESTAMP, 168),
(359, 'F205 - Bed 3', CURRENT_TIMESTAMP, 'vacant', CURRENT_TIMESTAMP, 167),
(360, 'F105 - Bed 3', CURRENT_TIMESTAMP, 'vacant', CURRENT_TIMESTAMP, 166),
(361, 'E505 - Bed 3', CURRENT_TIMESTAMP, 'vacant', CURRENT_TIMESTAMP, 165),
(362, 'E405 - Bed 3', CURRENT_TIMESTAMP, 'vacant', CURRENT_TIMESTAMP, 164),
(363, 'E305 - Bed 3', CURRENT_TIMESTAMP, 'vacant', CURRENT_TIMESTAMP, 163),
(364, 'E205 - Bed 3', CURRENT_TIMESTAMP, 'vacant', CURRENT_TIMESTAMP, 162),
(365, 'E105 - Bed 3', CURRENT_TIMESTAMP, 'vacant', CURRENT_TIMESTAMP, 161),
(366, 'D505 - Bed 3', CURRENT_TIMESTAMP, 'vacant', CURRENT_TIMESTAMP, 160),
(367, 'D405 - Bed 3', CURRENT_TIMESTAMP, 'vacant', CURRENT_TIMESTAMP, 159),
(368, 'D305 - Bed 3', CURRENT_TIMESTAMP, 'vacant', CURRENT_TIMESTAMP, 158),
(369, 'D205 - Bed 3', CURRENT_TIMESTAMP, 'vacant', CURRENT_TIMESTAMP, 157),
(370, 'D105 - Bed 3', CURRENT_TIMESTAMP, 'vacant', CURRENT_TIMESTAMP, 156),
(371, 'C505 - Bed 3', CURRENT_TIMESTAMP, 'vacant', CURRENT_TIMESTAMP, 155),
(372, 'C405 - Bed 3', CURRENT_TIMESTAMP, 'vacant', CURRENT_TIMESTAMP, 154),
(373, 'C305 - Bed 3', CURRENT_TIMESTAMP, 'vacant', CURRENT_TIMESTAMP, 153),
(374, 'C205 - Bed 3', CURRENT_TIMESTAMP, 'vacant', CURRENT_TIMESTAMP, 152),
(375, 'C105 - Bed 3', CURRENT_TIMESTAMP, 'vacant', CURRENT_TIMESTAMP, 151),
(376, 'B505 - Bed 3', CURRENT_TIMESTAMP, 'vacant', CURRENT_TIMESTAMP, 150),
(377, 'B405 - Bed 3', CURRENT_TIMESTAMP, 'vacant', CURRENT_TIMESTAMP, 149),
(378, 'B305 - Bed 3', CURRENT_TIMESTAMP, 'vacant', CURRENT_TIMESTAMP, 148),
(379, 'B205 - Bed 3', CURRENT_TIMESTAMP, 'vacant', CURRENT_TIMESTAMP, 147),
(380, 'B105 - Bed 3', CURRENT_TIMESTAMP, 'vacant', CURRENT_TIMESTAMP, 146),
(381, 'A505 - Bed 3', CURRENT_TIMESTAMP, 'vacant', CURRENT_TIMESTAMP, 145),
(382, 'A405 - Bed 3', CURRENT_TIMESTAMP, 'vacant', CURRENT_TIMESTAMP, 144),
(383, 'A305 - Bed 3', CURRENT_TIMESTAMP, 'vacant', CURRENT_TIMESTAMP, 143),
(384, 'A205 - Bed 3', CURRENT_TIMESTAMP, 'vacant', CURRENT_TIMESTAMP, 142),
(385, 'A105 - Bed 3', CURRENT_TIMESTAMP, 'vacant', CURRENT_TIMESTAMP, 141),
(386, 'G504 - Bed 3', CURRENT_TIMESTAMP, 'vacant', CURRENT_TIMESTAMP, 140),
(387, 'G404 - Bed 3', CURRENT_TIMESTAMP, 'vacant', CURRENT_TIMESTAMP, 139),
(388, 'G304 - Bed 3', CURRENT_TIMESTAMP, 'vacant', CURRENT_TIMESTAMP, 138),
(389, 'G204 - Bed 3', CURRENT_TIMESTAMP, 'vacant', CURRENT_TIMESTAMP, 137),
(390, 'G104 - Bed 3', CURRENT_TIMESTAMP, 'vacant', CURRENT_TIMESTAMP, 136),
(391, 'F504 - Bed 3', CURRENT_TIMESTAMP, 'vacant', CURRENT_TIMESTAMP, 135),
(392, 'F404 - Bed 3', CURRENT_TIMESTAMP, 'vacant', CURRENT_TIMESTAMP, 134),
(393, 'F304 - Bed 3', CURRENT_TIMESTAMP, 'vacant', CURRENT_TIMESTAMP, 133),
(394, 'F204 - Bed 3', CURRENT_TIMESTAMP, 'vacant', CURRENT_TIMESTAMP, 132),
(395, 'F104 - Bed 3', CURRENT_TIMESTAMP, 'vacant', CURRENT_TIMESTAMP, 131),
(396, 'E504 - Bed 3', CURRENT_TIMESTAMP, 'vacant', CURRENT_TIMESTAMP, 130),
(397, 'E404 - Bed 3', CURRENT_TIMESTAMP, 'vacant', CURRENT_TIMESTAMP, 129),
(398, 'E304 - Bed 3', CURRENT_TIMESTAMP, 'vacant', CURRENT_TIMESTAMP, 128),
(399, 'E204 - Bed 3', CURRENT_TIMESTAMP, 'vacant', CURRENT_TIMESTAMP, 127),
(400, 'E104 - Bed 3', CURRENT_TIMESTAMP, 'vacant', CURRENT_TIMESTAMP, 126),
(401, 'D504 - Bed 3', CURRENT_TIMESTAMP, 'vacant', CURRENT_TIMESTAMP, 125),
(402, 'D404 - Bed 3', CURRENT_TIMESTAMP, 'vacant', CURRENT_TIMESTAMP, 124),
(403, 'D304 - Bed 3', CURRENT_TIMESTAMP, 'vacant', CURRENT_TIMESTAMP, 123),
(404, 'D204 - Bed 3', CURRENT_TIMESTAMP, 'vacant', CURRENT_TIMESTAMP, 122),
(405, 'D104 - Bed 3', CURRENT_TIMESTAMP, 'vacant', CURRENT_TIMESTAMP, 121),
(406, 'C504 - Bed 3', CURRENT_TIMESTAMP, 'vacant', CURRENT_TIMESTAMP, 120),
(407, 'C404 - Bed 3', CURRENT_TIMESTAMP, 'vacant', CURRENT_TIMESTAMP, 119),
(408, 'C304 - Bed 3', CURRENT_TIMESTAMP, 'vacant', CURRENT_TIMESTAMP, 118),
(409, 'C204 - Bed 3', CURRENT_TIMESTAMP, 'vacant', CURRENT_TIMESTAMP, 117),
(410, 'C104 - Bed 3', CURRENT_TIMESTAMP, 'vacant', CURRENT_TIMESTAMP, 116),
(411, 'B504 - Bed 3', CURRENT_TIMESTAMP, 'vacant', CURRENT_TIMESTAMP, 115),
(412, 'B404 - Bed 3', CURRENT_TIMESTAMP, 'vacant', CURRENT_TIMESTAMP, 114),
(413, 'B304 - Bed 3', CURRENT_TIMESTAMP, 'vacant', CURRENT_TIMESTAMP, 113),
(414, 'B204 - Bed 3', CURRENT_TIMESTAMP, 'vacant', CURRENT_TIMESTAMP, 112),
(415, 'B104 - Bed 3', CURRENT_TIMESTAMP, 'vacant', CURRENT_TIMESTAMP, 111),
(416, 'A504 - Bed 3', CURRENT_TIMESTAMP, 'vacant', CURRENT_TIMESTAMP, 110),
(417, 'A404 - Bed 3', CURRENT_TIMESTAMP, 'vacant', CURRENT_TIMESTAMP, 109),
(418, 'A304 - Bed 3', CURRENT_TIMESTAMP, 'vacant', CURRENT_TIMESTAMP, 108),
(419, 'A204 - Bed 3', CURRENT_TIMESTAMP, 'vacant', CURRENT_TIMESTAMP, 107),
(420, 'A104 - Bed 3', CURRENT_TIMESTAMP, 'vacant', CURRENT_TIMESTAMP, 106),
(421, 'G503 - Bed 3', CURRENT_TIMESTAMP, 'vacant', CURRENT_TIMESTAMP, 105),
(422, 'G403 - Bed 3', CURRENT_TIMESTAMP, 'vacant', CURRENT_TIMESTAMP, 104),
(423, 'G303 - Bed 3', CURRENT_TIMESTAMP, 'vacant', CURRENT_TIMESTAMP, 103),
(424, 'G203 - Bed 3', CURRENT_TIMESTAMP, 'vacant', CURRENT_TIMESTAMP, 102),
(425, 'G103 - Bed 3', CURRENT_TIMESTAMP, 'vacant', CURRENT_TIMESTAMP, 101),
(426, 'F503 - Bed 3', CURRENT_TIMESTAMP, 'vacant', CURRENT_TIMESTAMP, 100),
(427, 'F403 - Bed 3', CURRENT_TIMESTAMP, 'vacant', CURRENT_TIMESTAMP, 99),
(428, 'F303 - Bed 3', CURRENT_TIMESTAMP, 'vacant', CURRENT_TIMESTAMP, 98),
(429, 'F203 - Bed 3', CURRENT_TIMESTAMP, 'vacant', CURRENT_TIMESTAMP, 97),
(430, 'F103 - Bed 3', CURRENT_TIMESTAMP, 'vacant', CURRENT_TIMESTAMP, 96),
(431, 'E503 - Bed 3', CURRENT_TIMESTAMP, 'vacant', CURRENT_TIMESTAMP, 95),
(432, 'E403 - Bed 3', CURRENT_TIMESTAMP, 'vacant', CURRENT_TIMESTAMP, 94),
(433, 'E303 - Bed 3', CURRENT_TIMESTAMP, 'vacant', CURRENT_TIMESTAMP, 93),
(434, 'E203 - Bed 3', CURRENT_TIMESTAMP, 'vacant', CURRENT_TIMESTAMP, 92),
(435, 'E103 - Bed 3', CURRENT_TIMESTAMP, 'vacant', CURRENT_TIMESTAMP, 91),
(436, 'D503 - Bed 3', CURRENT_TIMESTAMP, 'vacant', CURRENT_TIMESTAMP, 90),
(437, 'D403 - Bed 3', CURRENT_TIMESTAMP, 'vacant', CURRENT_TIMESTAMP, 89),
(438, 'D303 - Bed 3', CURRENT_TIMESTAMP, 'vacant', CURRENT_TIMESTAMP, 88),
(439, 'D203 - Bed 3', CURRENT_TIMESTAMP, 'vacant', CURRENT_TIMESTAMP, 87),
(440, 'D103 - Bed 3', CURRENT_TIMESTAMP, 'vacant', CURRENT_TIMESTAMP, 86),
(441, 'C503 - Bed 3', CURRENT_TIMESTAMP, 'vacant', CURRENT_TIMESTAMP, 85),
(442, 'C403 - Bed 3', CURRENT_TIMESTAMP, 'vacant', CURRENT_TIMESTAMP, 84),
(443, 'C303 - Bed 3', CURRENT_TIMESTAMP, 'vacant', CURRENT_TIMESTAMP, 83),
(444, 'C203 - Bed 3', CURRENT_TIMESTAMP, 'vacant', CURRENT_TIMESTAMP, 82),
(445, 'C103 - Bed 3', CURRENT_TIMESTAMP, 'vacant', CURRENT_TIMESTAMP, 81),
(446, 'B503 - Bed 3', CURRENT_TIMESTAMP, 'vacant', CURRENT_TIMESTAMP, 80),
(447, 'B403 - Bed 3', CURRENT_TIMESTAMP, 'vacant', CURRENT_TIMESTAMP, 79),
(448, 'B303 - Bed 3', CURRENT_TIMESTAMP, 'vacant', CURRENT_TIMESTAMP, 78),
(449, 'B203 - Bed 3', CURRENT_TIMESTAMP, 'vacant', CURRENT_TIMESTAMP, 77),
(450, 'B103 - Bed 3', CURRENT_TIMESTAMP, 'vacant', CURRENT_TIMESTAMP, 76),
(451, 'A503 - Bed 3', CURRENT_TIMESTAMP, 'vacant', CURRENT_TIMESTAMP, 75),
(452, 'A403 - Bed 3', CURRENT_TIMESTAMP, 'vacant', CURRENT_TIMESTAMP, 74),
(453, 'A303 - Bed 3', CURRENT_TIMESTAMP, 'vacant', CURRENT_TIMESTAMP, 73),
(454, 'A203 - Bed 3', CURRENT_TIMESTAMP, 'vacant', CURRENT_TIMESTAMP, 72),
(455, 'A103 - Bed 3', CURRENT_TIMESTAMP, 'vacant', CURRENT_TIMESTAMP, 71),
(456, 'G502 - Bed 3', CURRENT_TIMESTAMP, 'vacant', CURRENT_TIMESTAMP, 70),
(457, 'G402 - Bed 3', CURRENT_TIMESTAMP, 'vacant', CURRENT_TIMESTAMP, 69),
(458, 'G302 - Bed 3', CURRENT_TIMESTAMP, 'vacant', CURRENT_TIMESTAMP, 68),
(459, 'G202 - Bed 3', CURRENT_TIMESTAMP, 'vacant', CURRENT_TIMESTAMP, 67),
(460, 'G102 - Bed 3', CURRENT_TIMESTAMP, 'vacant', CURRENT_TIMESTAMP, 66),
(461, 'F502 - Bed 3', CURRENT_TIMESTAMP, 'vacant', CURRENT_TIMESTAMP, 65),
(462, 'F402 - Bed 3', CURRENT_TIMESTAMP, 'vacant', CURRENT_TIMESTAMP, 64),
(463, 'F302 - Bed 3', CURRENT_TIMESTAMP, 'vacant', CURRENT_TIMESTAMP, 63),
(464, 'F202 - Bed 3', CURRENT_TIMESTAMP, 'vacant', CURRENT_TIMESTAMP, 62),
(465, 'F102 - Bed 3', CURRENT_TIMESTAMP, 'vacant', CURRENT_TIMESTAMP, 61),
(466, 'E502 - Bed 3', CURRENT_TIMESTAMP, 'vacant', CURRENT_TIMESTAMP, 60),
(467, 'E402 - Bed 3', CURRENT_TIMESTAMP, 'vacant', CURRENT_TIMESTAMP, 59),
(468, 'E302 - Bed 3', CURRENT_TIMESTAMP, 'vacant', CURRENT_TIMESTAMP, 58),
(469, 'E202 - Bed 3', CURRENT_TIMESTAMP, 'vacant', CURRENT_TIMESTAMP, 57),
(470, 'E102 - Bed 3', CURRENT_TIMESTAMP, 'vacant', CURRENT_TIMESTAMP, 56),
(471, 'D502 - Bed 3', CURRENT_TIMESTAMP, 'vacant', CURRENT_TIMESTAMP, 55),
(472, 'D402 - Bed 3', CURRENT_TIMESTAMP, 'vacant', CURRENT_TIMESTAMP, 54),
(473, 'D302 - Bed 3', CURRENT_TIMESTAMP, 'vacant', CURRENT_TIMESTAMP, 53),
(474, 'D202 - Bed 3', CURRENT_TIMESTAMP, 'vacant', CURRENT_TIMESTAMP, 52),
(475, 'D102 - Bed 3', CURRENT_TIMESTAMP, 'vacant', CURRENT_TIMESTAMP, 51),
(476, 'C502 - Bed 3', CURRENT_TIMESTAMP, 'vacant', CURRENT_TIMESTAMP, 50),
(477, 'C402 - Bed 3', CURRENT_TIMESTAMP, 'vacant', CURRENT_TIMESTAMP, 49),
(478, 'C302 - Bed 3', CURRENT_TIMESTAMP, 'vacant', CURRENT_TIMESTAMP, 48),
(479, 'C202 - Bed 3', CURRENT_TIMESTAMP, 'vacant', CURRENT_TIMESTAMP, 47),
(480, 'C102 - Bed 3', CURRENT_TIMESTAMP, 'vacant', CURRENT_TIMESTAMP, 46),
(481, 'B502 - Bed 3', CURRENT_TIMESTAMP, 'vacant', CURRENT_TIMESTAMP, 45),
(482, 'B402 - Bed 3', CURRENT_TIMESTAMP, 'vacant', CURRENT_TIMESTAMP, 44),
(483, 'B302 - Bed 3', CURRENT_TIMESTAMP, 'vacant', CURRENT_TIMESTAMP, 43),
(484, 'B202 - Bed 3', CURRENT_TIMESTAMP, 'vacant', CURRENT_TIMESTAMP, 42),
(485, 'B102 - Bed 3', CURRENT_TIMESTAMP, 'vacant', CURRENT_TIMESTAMP, 41),
(486, 'A502 - Bed 3', CURRENT_TIMESTAMP, 'vacant', CURRENT_TIMESTAMP, 40),
(487, 'A402 - Bed 3', CURRENT_TIMESTAMP, 'vacant', CURRENT_TIMESTAMP, 39),
(488, 'A302 - Bed 3', CURRENT_TIMESTAMP, 'vacant', CURRENT_TIMESTAMP, 38),
(489, 'A202 - Bed 3', CURRENT_TIMESTAMP, 'vacant', CURRENT_TIMESTAMP, 37),
(490, 'A102 - Bed 3', CURRENT_TIMESTAMP, 'vacant', CURRENT_TIMESTAMP, 36),
(491, 'G501 - Bed 3', CURRENT_TIMESTAMP, 'vacant', CURRENT_TIMESTAMP, 35),
(492, 'G401 - Bed 3', CURRENT_TIMESTAMP, 'vacant', CURRENT_TIMESTAMP, 34),
(493, 'G301 - Bed 3', CURRENT_TIMESTAMP, 'vacant', CURRENT_TIMESTAMP, 33),
(494, 'G201 - Bed 3', CURRENT_TIMESTAMP, 'vacant', CURRENT_TIMESTAMP, 32),
(495, 'G101 - Bed 3', CURRENT_TIMESTAMP, 'vacant', CURRENT_TIMESTAMP, 31),
(496, 'F501 - Bed 3', CURRENT_TIMESTAMP, 'vacant', CURRENT_TIMESTAMP, 30),
(497, 'F401 - Bed 3', CURRENT_TIMESTAMP, 'vacant', CURRENT_TIMESTAMP, 29),
(498, 'F301 - Bed 3', CURRENT_TIMESTAMP, 'vacant', CURRENT_TIMESTAMP, 28),
(499, 'F201 - Bed 3', CURRENT_TIMESTAMP, 'vacant', CURRENT_TIMESTAMP, 27),
(500, 'F101 - Bed 3', CURRENT_TIMESTAMP, 'vacant', CURRENT_TIMESTAMP, 26),
(501, 'E501 - Bed 3', CURRENT_TIMESTAMP, 'vacant', CURRENT_TIMESTAMP, 25),
(502, 'E401 - Bed 3', CURRENT_TIMESTAMP, 'vacant', CURRENT_TIMESTAMP, 24),
(503, 'E301 - Bed 3', CURRENT_TIMESTAMP, 'vacant', CURRENT_TIMESTAMP, 23),
(504, 'E201 - Bed 3', CURRENT_TIMESTAMP, 'vacant', CURRENT_TIMESTAMP, 22),
(505, 'E101 - Bed 3', CURRENT_TIMESTAMP, 'vacant', CURRENT_TIMESTAMP, 21),
(506, 'D501 - Bed 3', CURRENT_TIMESTAMP, 'vacant', CURRENT_TIMESTAMP, 20),
(507, 'D401 - Bed 3', CURRENT_TIMESTAMP, 'vacant', CURRENT_TIMESTAMP, 19),
(508, 'D301 - Bed 3', CURRENT_TIMESTAMP, 'vacant', CURRENT_TIMESTAMP, 18),
(509, 'D201 - Bed 3', CURRENT_TIMESTAMP, 'vacant', CURRENT_TIMESTAMP, 17),
(510, 'D101 - Bed 3', CURRENT_TIMESTAMP, 'vacant', CURRENT_TIMESTAMP, 16),
(511, 'C501 - Bed 3', CURRENT_TIMESTAMP, 'vacant', CURRENT_TIMESTAMP, 15),
(512, 'C401 - Bed 3', CURRENT_TIMESTAMP, 'vacant', CURRENT_TIMESTAMP, 14),
(513, 'C301 - Bed 3', CURRENT_TIMESTAMP, 'vacant', CURRENT_TIMESTAMP, 13),
(514, 'C201 - Bed 3', CURRENT_TIMESTAMP, 'vacant', CURRENT_TIMESTAMP, 12),
(515, 'C101 - Bed 3', CURRENT_TIMESTAMP, 'vacant', CURRENT_TIMESTAMP, 11),
(516, 'B501 - Bed 3', CURRENT_TIMESTAMP, 'vacant', CURRENT_TIMESTAMP, 10),
(517, 'B401 - Bed 3', CURRENT_TIMESTAMP, 'vacant', CURRENT_TIMESTAMP, 9),
(518, 'B301 - Bed 3', CURRENT_TIMESTAMP, 'vacant', CURRENT_TIMESTAMP, 8),
(519, 'B201 - Bed 3', CURRENT_TIMESTAMP, 'vacant', CURRENT_TIMESTAMP, 7),
(520, 'B101 - Bed 3', CURRENT_TIMESTAMP, 'vacant', CURRENT_TIMESTAMP, 6),
(521, 'A501 - Bed 3', CURRENT_TIMESTAMP, 'vacant', CURRENT_TIMESTAMP, 5),
(522, 'A401 - Bed 3', CURRENT_TIMESTAMP, 'vacant', CURRENT_TIMESTAMP, 4),
(523, 'A301 - Bed 3', CURRENT_TIMESTAMP, 'vacant', CURRENT_TIMESTAMP, 3),
(524, 'A201 - Bed 3', CURRENT_TIMESTAMP, 'vacant', CURRENT_TIMESTAMP, 2),
(525, 'A101 - Bed 3', CURRENT_TIMESTAMP, 'vacant', CURRENT_TIMESTAMP, 1),
(526, 'G505 - Bed 4', CURRENT_TIMESTAMP, 'vacant', CURRENT_TIMESTAMP, 175),
(527, 'G205 - Bed 4', CURRENT_TIMESTAMP, 'vacant', CURRENT_TIMESTAMP, 172),
(528, 'G105 - Bed 4', CURRENT_TIMESTAMP, 'vacant', CURRENT_TIMESTAMP, 171),
(529, 'F505 - Bed 4', CURRENT_TIMESTAMP, 'vacant', CURRENT_TIMESTAMP, 170),
(530, 'F105 - Bed 4', CURRENT_TIMESTAMP, 'vacant', CURRENT_TIMESTAMP, 166),
(531, 'E505 - Bed 4', CURRENT_TIMESTAMP, 'vacant', CURRENT_TIMESTAMP, 165),
(532, 'E405 - Bed 4', CURRENT_TIMESTAMP, 'vacant', CURRENT_TIMESTAMP, 164),
(533, 'E305 - Bed 4', CURRENT_TIMESTAMP, 'vacant', CURRENT_TIMESTAMP, 163),
(534, 'E205 - Bed 4', CURRENT_TIMESTAMP, 'vacant', CURRENT_TIMESTAMP, 162),
(535, 'E105 - Bed 4', CURRENT_TIMESTAMP, 'vacant', CURRENT_TIMESTAMP, 161),
(536, 'D405 - Bed 4', CURRENT_TIMESTAMP, 'vacant', CURRENT_TIMESTAMP, 159),
(537, 'D305 - Bed 4', CURRENT_TIMESTAMP, 'vacant', CURRENT_TIMESTAMP, 158),
(538, 'D205 - Bed 4', CURRENT_TIMESTAMP, 'vacant', CURRENT_TIMESTAMP, 157),
(539, 'D105 - Bed 4', CURRENT_TIMESTAMP, 'vacant', CURRENT_TIMESTAMP, 156),
(540, 'C405 - Bed 4', CURRENT_TIMESTAMP, 'vacant', CURRENT_TIMESTAMP, 154),
(541, 'C205 - Bed 4', CURRENT_TIMESTAMP, 'vacant', CURRENT_TIMESTAMP, 152),
(542, 'C105 - Bed 4', CURRENT_TIMESTAMP, 'vacant', CURRENT_TIMESTAMP, 151),
(543, 'B505 - Bed 4', CURRENT_TIMESTAMP, 'vacant', CURRENT_TIMESTAMP, 150),
(544, 'B305 - Bed 4', CURRENT_TIMESTAMP, 'vacant', CURRENT_TIMESTAMP, 148),
(545, 'B105 - Bed 4', CURRENT_TIMESTAMP, 'vacant', CURRENT_TIMESTAMP, 146),
(546, 'A505 - Bed 4', CURRENT_TIMESTAMP, 'vacant', CURRENT_TIMESTAMP, 145),
(547, 'A305 - Bed 4', CURRENT_TIMESTAMP, 'vacant', CURRENT_TIMESTAMP, 143),
(548, 'A205 - Bed 4', CURRENT_TIMESTAMP, 'vacant', CURRENT_TIMESTAMP, 142),
(549, 'A105 - Bed 4', CURRENT_TIMESTAMP, 'vacant', CURRENT_TIMESTAMP, 141),
(550, 'G504 - Bed 4', CURRENT_TIMESTAMP, 'vacant', CURRENT_TIMESTAMP, 140),
(551, 'G404 - Bed 4', CURRENT_TIMESTAMP, 'vacant', CURRENT_TIMESTAMP, 139),
(552, 'G304 - Bed 4', CURRENT_TIMESTAMP, 'vacant', CURRENT_TIMESTAMP, 138),
(553, 'G204 - Bed 4', CURRENT_TIMESTAMP, 'vacant', CURRENT_TIMESTAMP, 137),
(554, 'F504 - Bed 4', CURRENT_TIMESTAMP, 'vacant', CURRENT_TIMESTAMP, 135),
(555, 'F404 - Bed 4', CURRENT_TIMESTAMP, 'vacant', CURRENT_TIMESTAMP, 134),
(556, 'F304 - Bed 4', CURRENT_TIMESTAMP, 'vacant', CURRENT_TIMESTAMP, 133),
(557, 'F204 - Bed 4', CURRENT_TIMESTAMP, 'vacant', CURRENT_TIMESTAMP, 132),
(558, 'E504 - Bed 4', CURRENT_TIMESTAMP, 'vacant', CURRENT_TIMESTAMP, 130),
(559, 'E304 - Bed 4', CURRENT_TIMESTAMP, 'vacant', CURRENT_TIMESTAMP, 128),
(560, 'E204 - Bed 4', CURRENT_TIMESTAMP, 'vacant', CURRENT_TIMESTAMP, 127),
(561, 'E104 - Bed 4', CURRENT_TIMESTAMP, 'vacant', CURRENT_TIMESTAMP, 126),
(562, 'D504 - Bed 4', CURRENT_TIMESTAMP, 'vacant', CURRENT_TIMESTAMP, 125),
(563, 'D404 - Bed 4', CURRENT_TIMESTAMP, 'vacant', CURRENT_TIMESTAMP, 124),
(564, 'D304 - Bed 4', CURRENT_TIMESTAMP, 'vacant', CURRENT_TIMESTAMP, 123),
(565, 'D104 - Bed 4', CURRENT_TIMESTAMP, 'vacant', CURRENT_TIMESTAMP, 121),
(566, 'C104 - Bed 4', CURRENT_TIMESTAMP, 'vacant', CURRENT_TIMESTAMP, 116),
(567, 'B504 - Bed 4', CURRENT_TIMESTAMP, 'vacant', CURRENT_TIMESTAMP, 115),
(568, 'B404 - Bed 4', CURRENT_TIMESTAMP, 'vacant', CURRENT_TIMESTAMP, 114),
(569, 'B304 - Bed 4', CURRENT_TIMESTAMP, 'vacant', CURRENT_TIMESTAMP, 113),
(570, 'A504 - Bed 4', CURRENT_TIMESTAMP, 'vacant', CURRENT_TIMESTAMP, 110),
(571, 'A404 - Bed 4', CURRENT_TIMESTAMP, 'vacant', CURRENT_TIMESTAMP, 109),
(572, 'A304 - Bed 4', CURRENT_TIMESTAMP, 'vacant', CURRENT_TIMESTAMP, 108),
(573, 'A104 - Bed 4', CURRENT_TIMESTAMP, 'vacant', CURRENT_TIMESTAMP, 106),
(574, 'G503 - Bed 4', CURRENT_TIMESTAMP, 'vacant', CURRENT_TIMESTAMP, 105),
(575, 'G403 - Bed 4', CURRENT_TIMESTAMP, 'vacant', CURRENT_TIMESTAMP, 104),
(576, 'G103 - Bed 4', CURRENT_TIMESTAMP, 'vacant', CURRENT_TIMESTAMP, 101),
(577, 'F503 - Bed 4', CURRENT_TIMESTAMP, 'vacant', CURRENT_TIMESTAMP, 100),
(578, 'F403 - Bed 4', CURRENT_TIMESTAMP, 'vacant', CURRENT_TIMESTAMP, 99),
(579, 'F303 - Bed 4', CURRENT_TIMESTAMP, 'vacant', CURRENT_TIMESTAMP, 98),
(580, 'F103 - Bed 4', CURRENT_TIMESTAMP, 'vacant', CURRENT_TIMESTAMP, 96),
(581, 'E503 - Bed 4', CURRENT_TIMESTAMP, 'vacant', CURRENT_TIMESTAMP, 95),
(582, 'E203 - Bed 4', CURRENT_TIMESTAMP, 'vacant', CURRENT_TIMESTAMP, 92),
(583, 'E103 - Bed 4', CURRENT_TIMESTAMP, 'vacant', CURRENT_TIMESTAMP, 91),
(584, 'D403 - Bed 4', CURRENT_TIMESTAMP, 'vacant', CURRENT_TIMESTAMP, 89),
(585, 'D303 - Bed 4', CURRENT_TIMESTAMP, 'vacant', CURRENT_TIMESTAMP, 88),
(586, 'D203 - Bed 4', CURRENT_TIMESTAMP, 'vacant', CURRENT_TIMESTAMP, 87),
(587, 'C403 - Bed 4', CURRENT_TIMESTAMP, 'vacant', CURRENT_TIMESTAMP, 84),
(588, 'C103 - Bed 4', CURRENT_TIMESTAMP, 'vacant', CURRENT_TIMESTAMP, 81),
(589, 'B503 - Bed 4', CURRENT_TIMESTAMP, 'vacant', CURRENT_TIMESTAMP, 80),
(590, 'B303 - Bed 4', CURRENT_TIMESTAMP, 'vacant', CURRENT_TIMESTAMP, 78),
(591, 'B203 - Bed 4', CURRENT_TIMESTAMP, 'vacant', CURRENT_TIMESTAMP, 77),
(592, 'B103 - Bed 4', CURRENT_TIMESTAMP, 'vacant', CURRENT_TIMESTAMP, 76),
(593, 'A503 - Bed 4', CURRENT_TIMESTAMP, 'vacant', CURRENT_TIMESTAMP, 75),
(594, 'A403 - Bed 4', CURRENT_TIMESTAMP, 'vacant', CURRENT_TIMESTAMP, 74),
(595, 'A203 - Bed 4', CURRENT_TIMESTAMP, 'vacant', CURRENT_TIMESTAMP, 72),
(596, 'G502 - Bed 4', CURRENT_TIMESTAMP, 'vacant', CURRENT_TIMESTAMP, 70),
(597, 'G402 - Bed 4', CURRENT_TIMESTAMP, 'vacant', CURRENT_TIMESTAMP, 69),
(598, 'G102 - Bed 4', CURRENT_TIMESTAMP, 'vacant', CURRENT_TIMESTAMP, 66),
(599, 'F302 - Bed 4', CURRENT_TIMESTAMP, 'vacant', CURRENT_TIMESTAMP, 63),
(600, 'F202 - Bed 4', CURRENT_TIMESTAMP, 'vacant', CURRENT_TIMESTAMP, 62),
(601, 'E502 - Bed 4', CURRENT_TIMESTAMP, 'vacant', CURRENT_TIMESTAMP, 60),
(602, 'E402 - Bed 4', CURRENT_TIMESTAMP, 'vacant', CURRENT_TIMESTAMP, 59),
(603, 'E202 - Bed 4', CURRENT_TIMESTAMP, 'vacant', CURRENT_TIMESTAMP, 57),
(604, 'E102 - Bed 4', CURRENT_TIMESTAMP, 'vacant', CURRENT_TIMESTAMP, 56),
(605, 'D502 - Bed 4', CURRENT_TIMESTAMP, 'vacant', CURRENT_TIMESTAMP, 55),
(606, 'D402 - Bed 4', CURRENT_TIMESTAMP, 'vacant', CURRENT_TIMESTAMP, 54),
(607, 'D302 - Bed 4', CURRENT_TIMESTAMP, 'vacant', CURRENT_TIMESTAMP, 53),
(608, 'D202 - Bed 4', CURRENT_TIMESTAMP, 'vacant', CURRENT_TIMESTAMP, 52),
(609, 'D102 - Bed 4', CURRENT_TIMESTAMP, 'vacant', CURRENT_TIMESTAMP, 51),
(610, 'C502 - Bed 4', CURRENT_TIMESTAMP, 'vacant', CURRENT_TIMESTAMP, 50),
(611, 'C302 - Bed 4', CURRENT_TIMESTAMP, 'vacant', CURRENT_TIMESTAMP, 48),
(612, 'C202 - Bed 4', CURRENT_TIMESTAMP, 'vacant', CURRENT_TIMESTAMP, 47),
(613, 'C102 - Bed 4', CURRENT_TIMESTAMP, 'vacant', CURRENT_TIMESTAMP, 46),
(614, 'B402 - Bed 4', CURRENT_TIMESTAMP, 'vacant', CURRENT_TIMESTAMP, 44),
(615, 'B202 - Bed 4', CURRENT_TIMESTAMP, 'vacant', CURRENT_TIMESTAMP, 42),
(616, 'B102 - Bed 4', CURRENT_TIMESTAMP, 'vacant', CURRENT_TIMESTAMP, 41),
(617, 'A502 - Bed 4', CURRENT_TIMESTAMP, 'vacant', CURRENT_TIMESTAMP, 40),
(618, 'A302 - Bed 4', CURRENT_TIMESTAMP, 'vacant', CURRENT_TIMESTAMP, 38),
(619, 'A102 - Bed 4', CURRENT_TIMESTAMP, 'vacant', CURRENT_TIMESTAMP, 36),
(620, 'G401 - Bed 4', CURRENT_TIMESTAMP, 'vacant', CURRENT_TIMESTAMP, 34),
(621, 'G301 - Bed 4', CURRENT_TIMESTAMP, 'vacant', CURRENT_TIMESTAMP, 33),
(622, 'G201 - Bed 4', CURRENT_TIMESTAMP, 'vacant', CURRENT_TIMESTAMP, 32),
(623, 'G101 - Bed 4', CURRENT_TIMESTAMP, 'vacant', CURRENT_TIMESTAMP, 31),
(624, 'F301 - Bed 4', CURRENT_TIMESTAMP, 'vacant', CURRENT_TIMESTAMP, 28),
(625, 'F201 - Bed 4', CURRENT_TIMESTAMP, 'vacant', CURRENT_TIMESTAMP, 27),
(626, 'F101 - Bed 4', CURRENT_TIMESTAMP, 'vacant', CURRENT_TIMESTAMP, 26),
(627, 'E401 - Bed 4', CURRENT_TIMESTAMP, 'vacant', CURRENT_TIMESTAMP, 24),
(628, 'E301 - Bed 4', CURRENT_TIMESTAMP, 'vacant', CURRENT_TIMESTAMP, 23),
(629, 'E201 - Bed 4', CURRENT_TIMESTAMP, 'vacant', CURRENT_TIMESTAMP, 22),
(630, 'D501 - Bed 4', CURRENT_TIMESTAMP, 'vacant', CURRENT_TIMESTAMP, 20),
(631, 'D401 - Bed 4', CURRENT_TIMESTAMP, 'vacant', CURRENT_TIMESTAMP, 19),
(632, 'D301 - Bed 4', CURRENT_TIMESTAMP, 'vacant', CURRENT_TIMESTAMP, 18),
(633, 'D101 - Bed 4', CURRENT_TIMESTAMP, 'vacant', CURRENT_TIMESTAMP, 16),
(634, 'C301 - Bed 4', CURRENT_TIMESTAMP, 'vacant', CURRENT_TIMESTAMP, 13),
(635, 'C201 - Bed 4', CURRENT_TIMESTAMP, 'vacant', CURRENT_TIMESTAMP, 12),
(636, 'B501 - Bed 4', CURRENT_TIMESTAMP, 'vacant', CURRENT_TIMESTAMP, 10),
(637, 'B301 - Bed 4', CURRENT_TIMESTAMP, 'vacant', CURRENT_TIMESTAMP, 8),
(638, 'B101 - Bed 4', CURRENT_TIMESTAMP, 'vacant', CURRENT_TIMESTAMP, 6),
(639, 'A401 - Bed 4', CURRENT_TIMESTAMP, 'vacant', CURRENT_TIMESTAMP, 4),
(640, 'A301 - Bed 4', CURRENT_TIMESTAMP, 'vacant', CURRENT_TIMESTAMP, 3),
(641, 'A201 - Bed 4', CURRENT_TIMESTAMP, 'vacant', CURRENT_TIMESTAMP, 2),
(642, 'G105 - Bed 5', CURRENT_TIMESTAMP, 'vacant', CURRENT_TIMESTAMP, 171),
(643, 'F505 - Bed 5', CURRENT_TIMESTAMP, 'vacant', CURRENT_TIMESTAMP, 170),
(644, 'E505 - Bed 5', CURRENT_TIMESTAMP, 'vacant', CURRENT_TIMESTAMP, 165),
(645, 'E405 - Bed 5', CURRENT_TIMESTAMP, 'vacant', CURRENT_TIMESTAMP, 164),
(646, 'E105 - Bed 5', CURRENT_TIMESTAMP, 'vacant', CURRENT_TIMESTAMP, 161),
(647, 'D405 - Bed 5', CURRENT_TIMESTAMP, 'vacant', CURRENT_TIMESTAMP, 159),
(648, 'D205 - Bed 5', CURRENT_TIMESTAMP, 'vacant', CURRENT_TIMESTAMP, 157),
(649, 'C405 - Bed 5', CURRENT_TIMESTAMP, 'vacant', CURRENT_TIMESTAMP, 154),
(650, 'B105 - Bed 5', CURRENT_TIMESTAMP, 'vacant', CURRENT_TIMESTAMP, 146),
(651, 'A105 - Bed 5', CURRENT_TIMESTAMP, 'vacant', CURRENT_TIMESTAMP, 141),
(652, 'G404 - Bed 5', CURRENT_TIMESTAMP, 'vacant', CURRENT_TIMESTAMP, 139),
(653, 'G304 - Bed 5', CURRENT_TIMESTAMP, 'vacant', CURRENT_TIMESTAMP, 138),
(654, 'F404 - Bed 5', CURRENT_TIMESTAMP, 'vacant', CURRENT_TIMESTAMP, 134),
(655, 'F304 - Bed 5', CURRENT_TIMESTAMP, 'vacant', CURRENT_TIMESTAMP, 133),
(656, 'E504 - Bed 5', CURRENT_TIMESTAMP, 'vacant', CURRENT_TIMESTAMP, 130),
(657, 'E304 - Bed 5', CURRENT_TIMESTAMP, 'vacant', CURRENT_TIMESTAMP, 128),
(658, 'E104 - Bed 5', CURRENT_TIMESTAMP, 'vacant', CURRENT_TIMESTAMP, 126),
(659, 'D404 - Bed 5', CURRENT_TIMESTAMP, 'vacant', CURRENT_TIMESTAMP, 124),
(660, 'C104 - Bed 5', CURRENT_TIMESTAMP, 'vacant', CURRENT_TIMESTAMP, 116),
(661, 'B304 - Bed 5', CURRENT_TIMESTAMP, 'vacant', CURRENT_TIMESTAMP, 113),
(662, 'A404 - Bed 5', CURRENT_TIMESTAMP, 'vacant', CURRENT_TIMESTAMP, 109),
(663, 'A304 - Bed 5', CURRENT_TIMESTAMP, 'vacant', CURRENT_TIMESTAMP, 108),
(664, 'A104 - Bed 5', CURRENT_TIMESTAMP, 'vacant', CURRENT_TIMESTAMP, 106),
(665, 'G503 - Bed 5', CURRENT_TIMESTAMP, 'vacant', CURRENT_TIMESTAMP, 105),
(666, 'G403 - Bed 5', CURRENT_TIMESTAMP, 'vacant', CURRENT_TIMESTAMP, 104),
(667, 'F403 - Bed 5', CURRENT_TIMESTAMP, 'vacant', CURRENT_TIMESTAMP, 99),
(668, 'F303 - Bed 5', CURRENT_TIMESTAMP, 'vacant', CURRENT_TIMESTAMP, 98),
(669, 'E503 - Bed 5', CURRENT_TIMESTAMP, 'vacant', CURRENT_TIMESTAMP, 95),
(670, 'E203 - Bed 5', CURRENT_TIMESTAMP, 'vacant', CURRENT_TIMESTAMP, 92),
(671, 'E103 - Bed 5', CURRENT_TIMESTAMP, 'vacant', CURRENT_TIMESTAMP, 91),
(672, 'D303 - Bed 5', CURRENT_TIMESTAMP, 'vacant', CURRENT_TIMESTAMP, 88),
(673, 'D203 - Bed 5', CURRENT_TIMESTAMP, 'vacant', CURRENT_TIMESTAMP, 87),
(674, 'B503 - Bed 5', CURRENT_TIMESTAMP, 'vacant', CURRENT_TIMESTAMP, 80),
(675, 'B303 - Bed 5', CURRENT_TIMESTAMP, 'vacant', CURRENT_TIMESTAMP, 78),
(676, 'B203 - Bed 5', CURRENT_TIMESTAMP, 'vacant', CURRENT_TIMESTAMP, 77),
(677, 'A503 - Bed 5', CURRENT_TIMESTAMP, 'vacant', CURRENT_TIMESTAMP, 75),
(678, 'G502 - Bed 5', CURRENT_TIMESTAMP, 'vacant', CURRENT_TIMESTAMP, 70),
(679, 'G402 - Bed 5', CURRENT_TIMESTAMP, 'vacant', CURRENT_TIMESTAMP, 69),
(680, 'G102 - Bed 5', CURRENT_TIMESTAMP, 'vacant', CURRENT_TIMESTAMP, 66),
(681, 'F302 - Bed 5', CURRENT_TIMESTAMP, 'vacant', CURRENT_TIMESTAMP, 63),
(682, 'E502 - Bed 5', CURRENT_TIMESTAMP, 'vacant', CURRENT_TIMESTAMP, 60),
(683, 'E402 - Bed 5', CURRENT_TIMESTAMP, 'vacant', CURRENT_TIMESTAMP, 59),
(684, 'D502 - Bed 5', CURRENT_TIMESTAMP, 'vacant', CURRENT_TIMESTAMP, 55),
(685, 'D102 - Bed 5', CURRENT_TIMESTAMP, 'vacant', CURRENT_TIMESTAMP, 51),
(686, 'C302 - Bed 5', CURRENT_TIMESTAMP, 'vacant', CURRENT_TIMESTAMP, 48),
(687, 'C102 - Bed 5', CURRENT_TIMESTAMP, 'vacant', CURRENT_TIMESTAMP, 46),
(688, 'B202 - Bed 5', CURRENT_TIMESTAMP, 'vacant', CURRENT_TIMESTAMP, 42),
(689, 'G401 - Bed 5', CURRENT_TIMESTAMP, 'vacant', CURRENT_TIMESTAMP, 34),
(690, 'G301 - Bed 5', CURRENT_TIMESTAMP, 'vacant', CURRENT_TIMESTAMP, 33),
(691, 'G101 - Bed 5', CURRENT_TIMESTAMP, 'vacant', CURRENT_TIMESTAMP, 31),
(692, 'F301 - Bed 5', CURRENT_TIMESTAMP, 'vacant', CURRENT_TIMESTAMP, 28),
(693, 'F201 - Bed 5', CURRENT_TIMESTAMP, 'vacant', CURRENT_TIMESTAMP, 27),
(694, 'E201 - Bed 5', CURRENT_TIMESTAMP, 'vacant', CURRENT_TIMESTAMP, 22),
(695, 'D301 - Bed 5', CURRENT_TIMESTAMP, 'vacant', CURRENT_TIMESTAMP, 18),
(696, 'C201 - Bed 5', CURRENT_TIMESTAMP, 'vacant', CURRENT_TIMESTAMP, 12),
(697, 'B501 - Bed 5', CURRENT_TIMESTAMP, 'vacant', CURRENT_TIMESTAMP, 10),
(698, 'B301 - Bed 5', CURRENT_TIMESTAMP, 'vacant', CURRENT_TIMESTAMP, 8),
(699, 'B101 - Bed 5', CURRENT_TIMESTAMP, 'vacant', CURRENT_TIMESTAMP, 6),
(700, 'A401 - Bed 5', CURRENT_TIMESTAMP, 'vacant', CURRENT_TIMESTAMP, 4),
(701, 'A301 - Bed 5', CURRENT_TIMESTAMP, 'vacant', CURRENT_TIMESTAMP, 3),
(702, 'A201 - Bed 5', CURRENT_TIMESTAMP, 'vacant', CURRENT_TIMESTAMP, 2),
(703, 'G105 - Bed 6', CURRENT_TIMESTAMP, 'vacant', CURRENT_TIMESTAMP, 171),
(704, 'F505 - Bed 6', CURRENT_TIMESTAMP, 'vacant', CURRENT_TIMESTAMP, 170),
(705, 'E505 - Bed 6', CURRENT_TIMESTAMP, 'vacant', CURRENT_TIMESTAMP, 165),
(706, 'E405 - Bed 6', CURRENT_TIMESTAMP, 'vacant', CURRENT_TIMESTAMP, 164),
(707, 'E105 - Bed 6', CURRENT_TIMESTAMP, 'vacant', CURRENT_TIMESTAMP, 161),
(708, 'D405 - Bed 6', CURRENT_TIMESTAMP, 'vacant', CURRENT_TIMESTAMP, 159),
(709, 'D205 - Bed 6', CURRENT_TIMESTAMP, 'vacant', CURRENT_TIMESTAMP, 157),
(710, 'C405 - Bed 6', CURRENT_TIMESTAMP, 'vacant', CURRENT_TIMESTAMP, 154),
(711, 'B105 - Bed 6', CURRENT_TIMESTAMP, 'vacant', CURRENT_TIMESTAMP, 146),
(712, 'A105 - Bed 6', CURRENT_TIMESTAMP, 'vacant', CURRENT_TIMESTAMP, 141),
(713, 'G404 - Bed 6', CURRENT_TIMESTAMP, 'vacant', CURRENT_TIMESTAMP, 139),
(714, 'G304 - Bed 6', CURRENT_TIMESTAMP, 'vacant', CURRENT_TIMESTAMP, 138),
(715, 'F404 - Bed 6', CURRENT_TIMESTAMP, 'vacant', CURRENT_TIMESTAMP, 134),
(716, 'F304 - Bed 6', CURRENT_TIMESTAMP, 'vacant', CURRENT_TIMESTAMP, 133),
(717, 'E504 - Bed 6', CURRENT_TIMESTAMP, 'vacant', CURRENT_TIMESTAMP, 130),
(718, 'E304 - Bed 6', CURRENT_TIMESTAMP, 'vacant', CURRENT_TIMESTAMP, 128),
(719, 'E104 - Bed 6', CURRENT_TIMESTAMP, 'vacant', CURRENT_TIMESTAMP, 126),
(720, 'D404 - Bed 6', CURRENT_TIMESTAMP, 'vacant', CURRENT_TIMESTAMP, 124),
(721, 'C104 - Bed 6', CURRENT_TIMESTAMP, 'vacant', CURRENT_TIMESTAMP, 116),
(722, 'B304 - Bed 6', CURRENT_TIMESTAMP, 'vacant', CURRENT_TIMESTAMP, 113),
(723, 'A404 - Bed 6', CURRENT_TIMESTAMP, 'vacant', CURRENT_TIMESTAMP, 109),
(724, 'A304 - Bed 6', CURRENT_TIMESTAMP, 'vacant', CURRENT_TIMESTAMP, 108),
(725, 'A104 - Bed 6', CURRENT_TIMESTAMP, 'vacant', CURRENT_TIMESTAMP, 106),
(726, 'G503 - Bed 6', CURRENT_TIMESTAMP, 'vacant', CURRENT_TIMESTAMP, 105),
(727, 'G403 - Bed 6', CURRENT_TIMESTAMP, 'vacant', CURRENT_TIMESTAMP, 104),
(728, 'F403 - Bed 6', CURRENT_TIMESTAMP, 'vacant', CURRENT_TIMESTAMP, 99),
(729, 'F303 - Bed 6', CURRENT_TIMESTAMP, 'vacant', CURRENT_TIMESTAMP, 98),
(730, 'E503 - Bed 6', CURRENT_TIMESTAMP, 'vacant', CURRENT_TIMESTAMP, 95),
(731, 'E203 - Bed 6', CURRENT_TIMESTAMP, 'vacant', CURRENT_TIMESTAMP, 92),
(732, 'E103 - Bed 6', CURRENT_TIMESTAMP, 'vacant', CURRENT_TIMESTAMP, 91),
(733, 'D303 - Bed 6', CURRENT_TIMESTAMP, 'vacant', CURRENT_TIMESTAMP, 88),
(734, 'D203 - Bed 6', CURRENT_TIMESTAMP, 'vacant', CURRENT_TIMESTAMP, 87),
(735, 'B503 - Bed 6', CURRENT_TIMESTAMP, 'vacant', CURRENT_TIMESTAMP, 80),
(736, 'B303 - Bed 6', CURRENT_TIMESTAMP, 'vacant', CURRENT_TIMESTAMP, 78),
(737, 'B203 - Bed 6', CURRENT_TIMESTAMP, 'vacant', CURRENT_TIMESTAMP, 77),
(738, 'A503 - Bed 6', CURRENT_TIMESTAMP, 'vacant', CURRENT_TIMESTAMP, 75),
(739, 'G502 - Bed 6', CURRENT_TIMESTAMP, 'vacant', CURRENT_TIMESTAMP, 70),
(740, 'G402 - Bed 6', CURRENT_TIMESTAMP, 'vacant', CURRENT_TIMESTAMP, 69),
(741, 'G102 - Bed 6', CURRENT_TIMESTAMP, 'vacant', CURRENT_TIMESTAMP, 66),
(742, 'F302 - Bed 6', CURRENT_TIMESTAMP, 'vacant', CURRENT_TIMESTAMP, 63),
(743, 'E502 - Bed 6', CURRENT_TIMESTAMP, 'vacant', CURRENT_TIMESTAMP, 60),
(744, 'E402 - Bed 6', CURRENT_TIMESTAMP, 'vacant', CURRENT_TIMESTAMP, 59),
(745, 'D502 - Bed 6', CURRENT_TIMESTAMP, 'vacant', CURRENT_TIMESTAMP, 55),
(746, 'D102 - Bed 6', CURRENT_TIMESTAMP, 'vacant', CURRENT_TIMESTAMP, 51),
(747, 'C302 - Bed 6', CURRENT_TIMESTAMP, 'vacant', CURRENT_TIMESTAMP, 48),
(748, 'C102 - Bed 6', CURRENT_TIMESTAMP, 'vacant', CURRENT_TIMESTAMP, 46),
(749, 'B202 - Bed 6', CURRENT_TIMESTAMP, 'vacant', CURRENT_TIMESTAMP, 42),
(750, 'G401 - Bed 6', CURRENT_TIMESTAMP, 'vacant', CURRENT_TIMESTAMP, 34),
(751, 'G301 - Bed 6', CURRENT_TIMESTAMP, 'vacant', CURRENT_TIMESTAMP, 33),
(752, 'G101 - Bed 6', CURRENT_TIMESTAMP, 'vacant', CURRENT_TIMESTAMP, 31),
(753, 'F301 - Bed 6', CURRENT_TIMESTAMP, 'vacant', CURRENT_TIMESTAMP, 28),
(754, 'F201 - Bed 6', CURRENT_TIMESTAMP, 'vacant', CURRENT_TIMESTAMP, 27),
(755, 'E201 - Bed 6', CURRENT_TIMESTAMP, 'vacant', CURRENT_TIMESTAMP, 22),
(756, 'D301 - Bed 6', CURRENT_TIMESTAMP, 'vacant', CURRENT_TIMESTAMP, 18),
(757, 'C201 - Bed 6', CURRENT_TIMESTAMP, 'vacant', CURRENT_TIMESTAMP, 12),
(758, 'B501 - Bed 6', CURRENT_TIMESTAMP, 'vacant', CURRENT_TIMESTAMP, 10),
(759, 'B301 - Bed 6', CURRENT_TIMESTAMP, 'vacant', CURRENT_TIMESTAMP, 8),
(760, 'B101 - Bed 6', CURRENT_TIMESTAMP, 'vacant', CURRENT_TIMESTAMP, 6),
(761, 'A401 - Bed 6', CURRENT_TIMESTAMP, 'vacant', CURRENT_TIMESTAMP, 4),
(762, 'A301 - Bed 6', CURRENT_TIMESTAMP, 'vacant', CURRENT_TIMESTAMP, 3),
(763, 'A201 - Bed 6', CURRENT_TIMESTAMP, 'vacant', CURRENT_TIMESTAMP, 2);

/*!40000 ALTER TABLE `bed`
    ENABLE KEYS */;
UNLOCK TABLES;
DROP TABLE IF EXISTS `building`;
/*!40101 SET @saved_cs_client = @@character_set_client */;
/*!50503 SET character_set_client = utf8mb4 */;
CREATE TABLE `building` (
    `building_id` BIGINT NOT NULL AUTO_INCREMENT,
    `building_name` VARCHAR(255) DEFAULT NULL,
    `created_at` DATETIME(6) DEFAULT NULL,
    `updated_at` DATETIME(6) DEFAULT NULL,
    `number_floor` INT DEFAULT NULL,
    `status` VARCHAR(255),
    `number_room_of_floor` INT,
    PRIMARY KEY (`building_id`)
)  ENGINE=INNODB AUTO_INCREMENT=8 DEFAULT CHARSET=UTF8MB4 COLLATE = UTF8MB4_0900_AI_CI;
/*!40101 SET character_set_client = @saved_cs_client */;
LOCK
    TABLES `building` WRITE;
/*!40000 ALTER TABLE `building`
    DISABLE KEYS */;
INSERT INTO `building`
VALUES (1, 'Dorm A', CURRENT_TIMESTAMP, CURRENT_TIMESTAMP, 5,'available',14),
       (2, 'Dorm B', CURRENT_TIMESTAMP, CURRENT_TIMESTAMP, 5,'available',14),
       (3, 'Dorm C', CURRENT_TIMESTAMP, CURRENT_TIMESTAMP, 5,'available',14),
       (4, 'Dorm D', CURRENT_TIMESTAMP, CURRENT_TIMESTAMP, 5,'available',14),
       (5, 'Dorm E', CURRENT_TIMESTAMP, CURRENT_TIMESTAMP, 5,'available',14),
       (6, 'Dorm F', CURRENT_TIMESTAMP, CURRENT_TIMESTAMP, 5,'available',14),
       (7, 'Dorm G', CURRENT_TIMESTAMP, CURRENT_TIMESTAMP, 5,'available',14);
/*!40000 ALTER TABLE `building`
    ENABLE KEYS */;
UNLOCK
    TABLES;
DROP TABLE IF EXISTS `news`;
/*!40101 SET @saved_cs_client = @@character_set_client */;
/*!50503 SET character_set_client = utf8mb4 */;
CREATE TABLE news (
    news_id BIGINT PRIMARY KEY AUTO_INCREMENT,
    category VARCHAR(50),
    content TEXT,
    created_at DATETIME,
    image BLOB DEFAULT NULL,
    title VARCHAR(255),
    updated_at DATETIME,
    create_by_user_id BIGINT,
    FOREIGN KEY (create_by_user_id)
        REFERENCES user (id)
        ON DELETE CASCADE
)  ENGINE=INNODB AUTO_INCREMENT=3 DEFAULT CHARSET=UTF8MB4 COLLATE = UTF8MB4_0900_AI_CI;
/*!40101 SET character_set_client = @saved_cs_client */;
DROP TABLE IF EXISTS `payment`;
/*!40101 SET @saved_cs_client = @@character_set_client */;
/*!50503 SET character_set_client = utf8mb4 */;
CREATE TABLE payment (
    payment_id BIGINT PRIMARY KEY AUTO_INCREMENT,
    amount FLOAT,
    created_at DATETIME,
    status VARCHAR(255),
    updated_at DATETIME,
    request_application_id BIGINT,
    student_id BIGINT,
    semester_id BIGINT,
    expiration_date DATETIME,
    FOREIGN KEY (request_application_id)
        REFERENCES request_application (request_application_id)
        ON DELETE CASCADE,
    FOREIGN KEY (student_id)
        REFERENCES student_secondary_information (student_id)
        ON DELETE CASCADE,
    FOREIGN KEY (semester_id)
        REFERENCES semester (semester_id)
        ON DELETE CASCADE
);

LOCK
    TABLES 	`payment` write;
    /*!40000 ALTER TABLE `payment`
    DISABLE KEYS */;
    insert into payment values (1,4200000,CURRENT_TIMESTAMP,'DONE',CURRENT_TIMESTAMP,11,1,2,DATE_ADD(CURRENT_TIMESTAMP, INTERVAL 30 DAY));
    /*!40101 SET character_set_client = @saved_cs_client */;
/*!40000 ALTER TABLE `payment`
    ENABLE KEYS */;
UNLOCK
    TABLES;
/*!40101 SET character_set_client = @saved_cs_client */;
DROP TABLE IF EXISTS `request_application`;
/*!40101 SET @saved_cs_client = @@character_set_client */;
/*!50503 SET character_set_client = utf8mb4 */;
CREATE TABLE request_application (
    request_application_id BIGINT PRIMARY KEY AUTO_INCREMENT,
    created_at DATETIME,
    request_content TEXT,
    status VARCHAR(255),
    text_response TEXT,
    updated_at DATETIME,
    take_by_manager_id BIGINT,
    request_application_type_id BIGINT,
    bed_booked_id BIGINT,
    FOREIGN KEY (bed_booked_id)
        REFERENCES bed_booked (bed_booked_id)
        ON DELETE CASCADE,
    FOREIGN KEY (take_by_manager_id)
        REFERENCES manager_secondary_information (manager_id)
        ON DELETE CASCADE,
    FOREIGN KEY (request_application_type_id)
        REFERENCES request_application_type (request_application_type_id)
        ON DELETE CASCADE
);

LOCK
    TABLES 	`request_application` write;
    /*!40000 ALTER TABLE `request_application`
    DISABLE KEYS */;
    insert into `request_application` values (1,CURRENT_TIMESTAMP,'Check in bed','done','check in done',CURRENT_TIMESTAMP,1,1,1),
											 (2,CURRENT_TIMESTAMP,'Check in bed','process',null,CURRENT_TIMESTAMP,2,1,2);
/*!40101 SET character_set_client = @saved_cs_client */;
/*!40000 ALTER TABLE `request_application`
    ENABLE KEYS */;
UNLOCK
    TABLES;
/*!40101 SET character_set_client = @saved_cs_client */;
DROP TABLE IF EXISTS `request_application_type`;
/*!40101 SET @saved_cs_client = @@character_set_client */;
/*!50503 SET character_set_client = utf8mb4 */;
CREATE TABLE request_application_type (
    request_application_type_id BIGINT PRIMARY KEY AUTO_INCREMENT,
    created_at DATETIME,
    request_application_type_name VARCHAR(300),
    amount FLOAT,
    updated_at DATETIME,
    permistion VARCHAR(20)
);
LOCK
    TABLES 	`request_application_type` write;
   /*!40000 ALTER TABLE `request_application_type`
    DISABLE KEYS */;
insert into `request_application_type` values (1,CURRENT_TIMESTAMP,'Check in bed',0,null,'ROLE_STUDENT'),
											  (2,CURRENT_TIMESTAMP,'Check out bed',0,null,'ROLE_STUDENT'),
                                              (3,CURRENT_TIMESTAMP,'Move out bed',0,null,'ROLE_STUDENT'),
                                              (4,CURRENT_TIMESTAMP,'Repair facilities',0,null,'ALL'),
                                              (5,CURRENT_TIMESTAMP,'Returned to the Dorm late',50000,null,'ROLE_MANAGER'),
                                              (6,CURRENT_TIMESTAMP,'Make noisy',0,null,'ROLE_MANAGER'),
                                              (7,CURRENT_TIMESTAMP,'Cooking in the Dorm',500000,null,'ROLE_MANAGER'),
                                              (8,CURRENT_TIMESTAMP,'Cause a fire in the Dorm',1000000,null,'ROLE_MANAGER'),
                                              (9,CURRENT_TIMESTAMP,'Using the room for improper purposes',1000000,null,'ROLE_MANAGER'),
                                              (10,CURRENT_TIMESTAMP,'Booking bed loi 6 ngi',3800000,null,'NON_ROLE'),
                                              (11,CURRENT_TIMESTAMP,'Booking bed loi 3 ngi',4600000,null,'NON_ROLE'),
                                              (12,CURRENT_TIMESTAMP,'Booking bed loi 4 ngi',4200000,null,'NON_ROLE');
/*!40101 SET character_set_client = @saved_cs_client */;
/*!40000 ALTER TABLE `request_application_type`
    ENABLE KEYS */;
UNLOCK
    TABLES;
DROP TABLE IF EXISTS `role`;
/*!40101 SET @saved_cs_client = @@character_set_client */;
/*!50503 SET character_set_client = utf8mb4 */;
CREATE TABLE role
(
    role_id     BIGINT PRIMARY KEY auto_increment,
    created_at  DATETIME,
    description VARCHAR(200),
    updated_at  DATETIME,
    role_name   VARCHAR(255)
) ENGINE = InnoDB
  AUTO_INCREMENT = 4
  DEFAULT CHARSET = utf8mb4
  COLLATE = utf8mb4_0900_ai_ci;
/*!40101 SET character_set_client = @saved_cs_client */;
LOCK
    TABLES `role` WRITE;
/*!40000 ALTER TABLE `role`
    DISABLE KEYS */;
INSERT INTO `role`
VALUES (1, CURRENT_TIMESTAMP, 'Admin role', CURRENT_TIMESTAMP, 'ROLE_ADMIN'),
       (2, CURRENT_TIMESTAMP, 'Student role', CURRENT_TIMESTAMP, 'ROLE_STUDENT'),
       (3, CURRENT_TIMESTAMP, 'Manager role', CURRENT_TIMESTAMP, 'ROLE_MANAGER');
/*!40000 ALTER TABLE `role`
    ENABLE KEYS */;
UNLOCK
    TABLES;
DROP TABLE IF EXISTS `room`;
/*!40101 SET @saved_cs_client = @@character_set_client */;
/*!50503 SET character_set_client = utf8mb4 */;
CREATE TABLE room
(
    room_id              BIGINT PRIMARY KEY auto_increment,
    created_at           DATETIME,
    floor                INT,
    updated_at           DATETIME,
    room_name            VARCHAR(20),
    building_id          BIGINT,
    room_type            BIGINT,
    price                FLOAT,
    status 			     VARCHAR(20),
    room_type_desciption VARCHAR(200),
    FOREIGN KEY (building_id) REFERENCES building (building_id) ON DELETE CASCADE
) ENGINE = InnoDB
  AUTO_INCREMENT = 176
  DEFAULT CHARSET = utf8mb4
  COLLATE = utf8mb4_0900_ai_ci;
/*!40101 SET character_set_client = @saved_cs_client */;
LOCK
    TABLES `room` WRITE;
/*!40000 ALTER TABLE `room`
    DISABLE KEYS */;
INSERT INTO `room`
VALUES (1, CURRENT_TIMESTAMP, 1, CURRENT_TIMESTAMP, 'A101', 1, 1, 4600000, 'available', 'phng 3 ngi'),
(2, CURRENT_TIMESTAMP, 2, CURRENT_TIMESTAMP, 'A201', 1, 3, 4600000, 'available', 'phng 3 ngi'),
(3, CURRENT_TIMESTAMP, 3, CURRENT_TIMESTAMP, 'A301', 1, 3, 4600000, 'available', 'phng 3 ngi'),
(4, CURRENT_TIMESTAMP, 4, CURRENT_TIMESTAMP, 'A401', 1, 3, 4600000, 'available', 'phng 3 ngi'),
(5, CURRENT_TIMESTAMP, 5, CURRENT_TIMESTAMP, 'A501', 1, 1, 4600000, 'available', 'phng 3 ngi'),
(6, CURRENT_TIMESTAMP, 1, CURRENT_TIMESTAMP, 'B101', 2, 2, 4600000, 'available', 'phng 3 ngi'),
(7, CURRENT_TIMESTAMP, 2, CURRENT_TIMESTAMP, 'B201', 2, 1, 4600000, 'available', 'phng 3 ngi'),
(8, CURRENT_TIMESTAMP, 3, CURRENT_TIMESTAMP, 'B301', 2, 3, 4600000, 'available', 'phng 3 ngi'),
(9, CURRENT_TIMESTAMP, 4, CURRENT_TIMESTAMP, 'B401', 2, 1, 4600000, 'available', 'phng 3 ngi'),
(10, CURRENT_TIMESTAMP, 5, CURRENT_TIMESTAMP, 'B501', 2, 3, 4600000, 'available', 'phng 3 ngi'),
(11, CURRENT_TIMESTAMP, 1, CURRENT_TIMESTAMP, 'C101', 3, 1, 4600000, 'available', 'phng 3 ngi'),
(12, CURRENT_TIMESTAMP, 2, CURRENT_TIMESTAMP, 'C201', 3, 3, 4600000, 'available', 'phng 3 ngi'),
(13, CURRENT_TIMESTAMP, 3, CURRENT_TIMESTAMP, 'C301', 3, 2, 4600000, 'available', 'phng 3 ngi'),
(14, CURRENT_TIMESTAMP, 4, CURRENT_TIMESTAMP, 'C401', 3, 1, 4600000, 'available', 'phng 3 ngi'),
(15, CURRENT_TIMESTAMP, 5, CURRENT_TIMESTAMP, 'C501', 3, 1, 4600000, 'available', 'phng 3 ngi'),
(16, CURRENT_TIMESTAMP, 1, CURRENT_TIMESTAMP, 'D101', 4, 2, 4600000, 'available', 'phng 3 ngi'),
(17, CURRENT_TIMESTAMP, 2, CURRENT_TIMESTAMP, 'D201', 4, 1, 4600000, 'available', 'phng 3 ngi'),
(18, CURRENT_TIMESTAMP, 3, CURRENT_TIMESTAMP, 'D301', 4, 3, 4600000, 'available', 'phng 3 ngi'),
(19, CURRENT_TIMESTAMP, 4, CURRENT_TIMESTAMP, 'D401', 4, 2, 4600000, 'available', 'phng 3 ngi'),
(20, CURRENT_TIMESTAMP, 5, CURRENT_TIMESTAMP, 'D501', 4, 2, 4600000, 'available', 'phng 3 ngi'),
(21, CURRENT_TIMESTAMP, 1, CURRENT_TIMESTAMP, 'E101', 5, 1, 4600000, 'available', 'phng 3 ngi'),
(22, CURRENT_TIMESTAMP, 2, CURRENT_TIMESTAMP, 'E201', 5, 3, 4600000, 'available', 'phng 3 ngi'),
(23, CURRENT_TIMESTAMP, 3, CURRENT_TIMESTAMP, 'E301', 5, 2, 4600000, 'available', 'phng 3 ngi'),
(24, CURRENT_TIMESTAMP, 4, CURRENT_TIMESTAMP, 'E401', 5, 2, 4600000, 'available', 'phng 3 ngi'),
(25, CURRENT_TIMESTAMP, 5, CURRENT_TIMESTAMP, 'E501', 5, 1, 4600000, 'available', 'phng 3 ngi'),
(26, CURRENT_TIMESTAMP, 1, CURRENT_TIMESTAMP, 'F101', 6, 2, 4600000, 'available', 'phng 3 ngi'),
(27, CURRENT_TIMESTAMP, 2, CURRENT_TIMESTAMP, 'F201', 6, 3, 4600000, 'available', 'phng 3 ngi'),
(28, CURRENT_TIMESTAMP, 3, CURRENT_TIMESTAMP, 'F301', 6, 3, 4600000, 'available', 'phng 3 ngi'),
(29, CURRENT_TIMESTAMP, 4, CURRENT_TIMESTAMP, 'F401', 6, 1, 4600000, 'available', 'phng 3 ngi'),
(30, CURRENT_TIMESTAMP, 5, CURRENT_TIMESTAMP, 'F501', 6, 1, 4600000, 'available', 'phng 3 ngi'),
(31, CURRENT_TIMESTAMP, 1, CURRENT_TIMESTAMP, 'G101', 7, 3, 4600000, 'available', 'phng 3 ngi'),
(32, CURRENT_TIMESTAMP, 2, CURRENT_TIMESTAMP, 'G201', 7, 2, 4600000, 'available', 'phng 3 ngi'),
(33, CURRENT_TIMESTAMP, 3, CURRENT_TIMESTAMP, 'G301', 7, 3, 4600000, 'available', 'phng 3 ngi'),
(34, CURRENT_TIMESTAMP, 4, CURRENT_TIMESTAMP, 'G401', 7, 3, 4600000, 'available', 'phng 3 ngi'),
(35, CURRENT_TIMESTAMP, 5, CURRENT_TIMESTAMP, 'G501', 7, 1, 4600000, 'available', 'phng 3 ngi'),
(36, CURRENT_TIMESTAMP, 1, CURRENT_TIMESTAMP, 'A102', 1, 2, 4600000, 'available', 'phng 3 ngi'),
(37, CURRENT_TIMESTAMP, 2, CURRENT_TIMESTAMP, 'A202', 1, 1, 4600000, 'available', 'phng 3 ngi'),
(38, CURRENT_TIMESTAMP, 3, CURRENT_TIMESTAMP, 'A302', 1, 2, 4600000, 'available', 'phng 3 ngi'),
(39, CURRENT_TIMESTAMP, 4, CURRENT_TIMESTAMP, 'A402', 1, 1, 4600000, 'available', 'phng 3 ngi'),
(40, CURRENT_TIMESTAMP, 5, CURRENT_TIMESTAMP, 'A502', 1, 2, 4600000, 'available', 'phng 3 ngi'),
(41, CURRENT_TIMESTAMP, 1, CURRENT_TIMESTAMP, 'B102', 2, 2, 4600000, 'available', 'phng 3 ngi'),
(42, CURRENT_TIMESTAMP, 2, CURRENT_TIMESTAMP, 'B202', 2, 3, 4600000, 'available', 'phng 3 ngi'),
(43, CURRENT_TIMESTAMP, 3, CURRENT_TIMESTAMP, 'B302', 2, 1, 4600000, 'available', 'phng 3 ngi'),
(44, CURRENT_TIMESTAMP, 4, CURRENT_TIMESTAMP, 'B402', 2, 2, 4600000, 'available', 'phng 3 ngi'),
(45, CURRENT_TIMESTAMP, 5, CURRENT_TIMESTAMP, 'B502', 2, 1, 4600000, 'available', 'phng 3 ngi'),
(46, CURRENT_TIMESTAMP, 1, CURRENT_TIMESTAMP, 'C102', 3, 3, 4600000, 'available', 'phng 3 ngi'),
(47, CURRENT_TIMESTAMP, 2, CURRENT_TIMESTAMP, 'C202', 3, 2, 4600000, 'available', 'phng 3 ngi'),
(48, CURRENT_TIMESTAMP, 3, CURRENT_TIMESTAMP, 'C302', 3, 3, 4600000, 'available', 'phng 3 ngi'),
(49, CURRENT_TIMESTAMP, 4, CURRENT_TIMESTAMP, 'C402', 3, 1, 4600000, 'available', 'phng 3 ngi'),
	(50, CURRENT_TIMESTAMP, 5, CURRENT_TIMESTAMP, 'C502', 3, 2, 4600000, 'available', 'phng 3 ngi'),
       (51, CURRENT_TIMESTAMP, 1, CURRENT_TIMESTAMP, 'D102', 4, 3, 4600000, 'available', 'phng 3 ngi'),
       (52, CURRENT_TIMESTAMP, 2, CURRENT_TIMESTAMP, 'D202', 4, 3, 4600000, 'available', 'phng 3 ngi'),
       (53, CURRENT_TIMESTAMP, 3, CURRENT_TIMESTAMP, 'D302', 4, 1, 4600000, 'available', 'phng 3 ngi'),
       (54, CURRENT_TIMESTAMP, 4, CURRENT_TIMESTAMP, 'D402', 4, 2, 4600000, 'available', 'phng 3 ngi'),
       (55, CURRENT_TIMESTAMP, 5, CURRENT_TIMESTAMP, 'D502', 4, 3, 4600000, 'available', 'phng 3 ngi'),
       (56, CURRENT_TIMESTAMP, 1, CURRENT_TIMESTAMP, 'E102', 5, 1, 4600000, 'available', 'phng 3 ngi'),
       (57, CURRENT_TIMESTAMP, 2, CURRENT_TIMESTAMP, 'E202', 5, 2, 4600000, 'available', 'phng 3 ngi'),
       (58, CURRENT_TIMESTAMP, 3, CURRENT_TIMESTAMP, 'E302', 5, 2, 4600000, 'available', 'phng 3 ngi'),
       (59, CURRENT_TIMESTAMP, 4, CURRENT_TIMESTAMP, 'E402', 5, 2, 4600000, 'available', 'phng 3 ngi'),
       (60, CURRENT_TIMESTAMP, 5, CURRENT_TIMESTAMP, 'E502', 5, 1, 4600000, 'available', 'phng 3 ngi'),
       (61, CURRENT_TIMESTAMP, 1, CURRENT_TIMESTAMP, 'F102', 6, 3, 4600000, 'available', 'phng 3 ngi'),
       (62, CURRENT_TIMESTAMP, 2, CURRENT_TIMESTAMP, 'F202', 6, 1, 4600000, 'available', 'phng 3 ngi'),
       (63, CURRENT_TIMESTAMP, 3, CURRENT_TIMESTAMP, 'F302', 6, 2, 4600000, 'available', 'phng 3 ngi'),
       (64, CURRENT_TIMESTAMP, 4, CURRENT_TIMESTAMP, 'F402', 6, 1, 4600000, 'available', 'phng 3 ngi'),
       (65, CURRENT_TIMESTAMP, 5, CURRENT_TIMESTAMP, 'F502', 6, 3, 4600000, 'available', 'phng 3 ngi'),
       (66, CURRENT_TIMESTAMP, 1, CURRENT_TIMESTAMP, 'G102', 7, 1, 4600000, 'available', 'phng 3 ngi'),
       (67, CURRENT_TIMESTAMP, 2, CURRENT_TIMESTAMP, 'G202', 7, 2, 4600000, 'available', 'phng 3 ngi'),
       (68, CURRENT_TIMESTAMP, 3, CURRENT_TIMESTAMP, 'G302', 7, 3, 4600000, 'available', 'phng 3 ngi'),
       (69, CURRENT_TIMESTAMP, 4, CURRENT_TIMESTAMP, 'G402', 7, 3, 4600000, 'available', 'phng 3 ngi'),
       (70, CURRENT_TIMESTAMP, 5, CURRENT_TIMESTAMP, 'G502', 7, 1, 4600000, 'available', 'phng 3 ngi'),
       (71, CURRENT_TIMESTAMP, 1, CURRENT_TIMESTAMP, 'A103', 1, 1, 4600000, 'available', 'phng 3 ngi'),
       (72, CURRENT_TIMESTAMP, 2, CURRENT_TIMESTAMP, 'A203', 1, 2, 4600000, 'available', 'phng 3 ngi'),
       (73, CURRENT_TIMESTAMP, 3, CURRENT_TIMESTAMP, 'A303', 1, 1, 4600000, 'available', 'phng 3 ngi'),
       (74, CURRENT_TIMESTAMP, 4, CURRENT_TIMESTAMP, 'A403', 1, 2, 4600000, 'available', 'phng 3 ngi'),
       (75, CURRENT_TIMESTAMP, 5, CURRENT_TIMESTAMP, 'A503', 1, 3, 4600000, 'available', 'phng 3 ngi'),
       (76, CURRENT_TIMESTAMP, 1, CURRENT_TIMESTAMP, 'B103', 2, 2, 4600000, 'available', 'phng 3 ngi'),
       (77, CURRENT_TIMESTAMP, 2, CURRENT_TIMESTAMP, 'B203', 2, 3, 4600000, 'available', 'phng 3 ngi'),
       (78, CURRENT_TIMESTAMP, 3, CURRENT_TIMESTAMP, 'B303', 2, 3, 4600000, 'available', 'phng 3 ngi'),
       (79, CURRENT_TIMESTAMP, 4, CURRENT_TIMESTAMP, 'B403', 2, 1, 4600000, 'available', 'phng 3 ngi'),
       (80, CURRENT_TIMESTAMP, 5, CURRENT_TIMESTAMP, 'B503', 2, 3, 4600000, 'available', 'phng 3 ngi'),
       (81, CURRENT_TIMESTAMP, 1, CURRENT_TIMESTAMP, 'C103', 3, 2, 4600000, 'available', 'phng 3 ngi'),
       (82, CURRENT_TIMESTAMP, 2, CURRENT_TIMESTAMP, 'C203', 3, 1, 4600000, 'available', 'phng 3 ngi'),
       (83, CURRENT_TIMESTAMP, 3, CURRENT_TIMESTAMP, 'C303', 3, 1, 4600000, 'available', 'phng 3 ngi'),
       (84, CURRENT_TIMESTAMP, 4, CURRENT_TIMESTAMP, 'C403', 3, 2, 4600000, 'available', 'phng 3 ngi'),
       (85, CURRENT_TIMESTAMP, 5, CURRENT_TIMESTAMP, 'C503', 3, 1, 4600000, 'available', 'phng 3 ngi'),
       (86, CURRENT_TIMESTAMP, 1, CURRENT_TIMESTAMP, 'D103', 4, 1, 4600000, 'available', 'phng 3 ngi'),
       (87, CURRENT_TIMESTAMP, 2, CURRENT_TIMESTAMP, 'D203', 4, 3, 4600000, 'available', 'phng 3 ngi'),
       (88, CURRENT_TIMESTAMP, 3, CURRENT_TIMESTAMP, 'D303', 4, 3, 4600000, 'available', 'phng 3 ngi'),
       (89, CURRENT_TIMESTAMP, 4, CURRENT_TIMESTAMP, 'D403', 4, 2, 4600000, 'available', 'phng 3 ngi'),
       (90, CURRENT_TIMESTAMP, 5, CURRENT_TIMESTAMP, 'D503', 4, 1, 4600000, 'available', 'phng 3 ngi'),
       (91, CURRENT_TIMESTAMP, 1, CURRENT_TIMESTAMP, 'E103', 5, 3, 4600000, 'available', 'phng 3 ngi'),
       (92, CURRENT_TIMESTAMP, 2, CURRENT_TIMESTAMP, 'E203', 5, 3, 4600000, 'available', 'phng 3 ngi'),
       (93, CURRENT_TIMESTAMP, 3, CURRENT_TIMESTAMP, 'E303', 5, 1, 4600000, 'available', 'phng 3 ngi'),
       (94, CURRENT_TIMESTAMP, 4, CURRENT_TIMESTAMP, 'E403', 5, 1, 4600000, 'available', 'phng 3 ngi'),
       (95, CURRENT_TIMESTAMP, 5, CURRENT_TIMESTAMP, 'E503', 5, 3, 4600000, 'available', 'phng 3 ngi'),
       (96, CURRENT_TIMESTAMP, 1, CURRENT_TIMESTAMP, 'F103', 6, 2, 4600000, 'available', 'phng 3 ngi'),
       (97, CURRENT_TIMESTAMP, 2, CURRENT_TIMESTAMP, 'F203', 6, 1, 4600000, 'available', 'phng 3 ngi'),
       (98, CURRENT_TIMESTAMP, 3, CURRENT_TIMESTAMP, 'F303', 6, 3, 4600000, 'available', 'phng 3 ngi'),
       (99, CURRENT_TIMESTAMP, 4, CURRENT_TIMESTAMP, 'F403', 6, 3, 4600000, 'available', 'phng 3 ngi'),
       (100, CURRENT_TIMESTAMP, 5, CURRENT_TIMESTAMP, 'F503', 6, 2, 4600000, 'available', 'phng 3 ngi'),
       (101, CURRENT_TIMESTAMP, 1, CURRENT_TIMESTAMP, 'G103', 7, 2, 4600000, 'available', 'phng 3 ngi'),
       (102, CURRENT_TIMESTAMP, 2, CURRENT_TIMESTAMP, 'G203', 7, 1, 4600000, 'available', 'phng 3 ngi'),
       (103, CURRENT_TIMESTAMP, 3, CURRENT_TIMESTAMP, 'G303', 7, 1, 4600000, 'available', 'phng 3 ngi'),
       (104, CURRENT_TIMESTAMP, 4, CURRENT_TIMESTAMP, 'G403', 7, 3, 4600000, 'available', 'phng 3 ngi'),
       (105, CURRENT_TIMESTAMP, 5, CURRENT_TIMESTAMP, 'G503', 7, 3, 4600000, 'available', 'phng 3 ngi'),
       (106, CURRENT_TIMESTAMP, 1, CURRENT_TIMESTAMP, 'A104', 1, 3, 4600000, 'available', 'phng 3 ngi'),
       (107, CURRENT_TIMESTAMP, 2, CURRENT_TIMESTAMP, 'A204', 1, 1, 4600000, 'available', 'phng 3 ngi'),
       (108, CURRENT_TIMESTAMP, 3, CURRENT_TIMESTAMP, 'A304', 1, 3, 4600000, 'available', 'phng 3 ngi'),
       (109, CURRENT_TIMESTAMP, 4, CURRENT_TIMESTAMP, 'A404', 1, 3, 4600000, 'available', 'phng 3 ngi'),
       (110, CURRENT_TIMESTAMP, 5, CURRENT_TIMESTAMP, 'A504', 1, 2, 4600000, 'available', 'phng 3 ngi'),
       (111, CURRENT_TIMESTAMP, 1, CURRENT_TIMESTAMP, 'B104', 2, 1, 4600000, 'available', 'phng 3 ngi'),
       (112, CURRENT_TIMESTAMP, 2, CURRENT_TIMESTAMP, 'B204', 2, 1, 4600000, 'available', 'phng 3 ngi'),
       (113, CURRENT_TIMESTAMP, 3, CURRENT_TIMESTAMP, 'B304', 2, 3, 4600000, 'available', 'phng 3 ngi'),
       (114, CURRENT_TIMESTAMP, 4, CURRENT_TIMESTAMP, 'B404', 2, 2, 4600000, 'available', 'phng 3 ngi'),
       (115, CURRENT_TIMESTAMP, 5, CURRENT_TIMESTAMP, 'B504', 2, 2, 4600000, 'available', 'phng 3 ngi'),
       (116, CURRENT_TIMESTAMP, 1, CURRENT_TIMESTAMP, 'C104', 3, 3, 4600000, 'available', 'phng 3 ngi'),
       (117, CURRENT_TIMESTAMP, 2, CURRENT_TIMESTAMP, 'C204', 3, 1, 4600000, 'available', 'phng 3 ngi'),
       (118, CURRENT_TIMESTAMP, 3, CURRENT_TIMESTAMP, 'C304', 3, 1, 4600000, 'available', 'phng 3 ngi'),
       (119, CURRENT_TIMESTAMP, 4, CURRENT_TIMESTAMP, 'C404', 3, 1, 4600000, 'available', 'phng 3 ngi'),
       (120, CURRENT_TIMESTAMP, 5, CURRENT_TIMESTAMP, 'C504', 3, 1, 4600000, 'available', 'phng 3 ngi'),
       (121, CURRENT_TIMESTAMP, 1, CURRENT_TIMESTAMP, 'D104', 4, 2, 4600000, 'available', 'phng 3 ngi'),
       (122, CURRENT_TIMESTAMP, 2, CURRENT_TIMESTAMP, 'D204', 4, 1, 4600000, 'available', 'phng 3 ngi'),
       (123, CURRENT_TIMESTAMP, 3, CURRENT_TIMESTAMP, 'D304', 4, 2, 4600000, 'available', 'phng 3 ngi'),
       (124, CURRENT_TIMESTAMP, 4, CURRENT_TIMESTAMP, 'D404', 4, 3, 4600000, 'available', 'phng 3 ngi'),
       (125, CURRENT_TIMESTAMP, 5, CURRENT_TIMESTAMP, 'D504', 4, 2, 4600000, 'available', 'phng 3 ngi'),
       (126, CURRENT_TIMESTAMP, 1, CURRENT_TIMESTAMP, 'E104', 5, 3, 4600000, 'available', 'phng 3 ngi'),
       (127, CURRENT_TIMESTAMP, 2, CURRENT_TIMESTAMP, 'E204', 5, 2, 4600000, 'available', 'phng 3 ngi'),
       (128, CURRENT_TIMESTAMP, 3, CURRENT_TIMESTAMP, 'E304', 5, 3, 4600000, 'available', 'phng 3 ngi'),
       (129, CURRENT_TIMESTAMP, 4, CURRENT_TIMESTAMP, 'E404', 5, 1, 4600000, 'available', 'phng 3 ngi'),
       (130, CURRENT_TIMESTAMP, 5, CURRENT_TIMESTAMP, 'E504', 5, 3, 4600000, 'available', 'phng 3 ngi'),
       (131, CURRENT_TIMESTAMP, 1, CURRENT_TIMESTAMP, 'F104', 6, 1, 4600000, 'available', 'phng 3 ngi'),
       (132, CURRENT_TIMESTAMP, 2, CURRENT_TIMESTAMP, 'F204', 6, 2, 4600000, 'available', 'phng 3 ngi'),
       (133, CURRENT_TIMESTAMP, 3, CURRENT_TIMESTAMP, 'F304', 6, 3, 4600000, 'available','phng 3 ngi'),
       (134, CURRENT_TIMESTAMP, 4, CURRENT_TIMESTAMP, 'F404', 6, 3, 4600000, 'available','phng 3 ngi'),
       (135, CURRENT_TIMESTAMP, 5, CURRENT_TIMESTAMP, 'F504', 6, 2, 4600000, 'available','phng 3 ngi'),
       (136, CURRENT_TIMESTAMP, 1, CURRENT_TIMESTAMP, 'G104', 7, 1, 4600000, 'available','phng 3 ngi'),
       (137, CURRENT_TIMESTAMP, 2, CURRENT_TIMESTAMP, 'G204', 7, 2, 4600000, 'available','phng 3 ngi'),
       (138, CURRENT_TIMESTAMP, 3, CURRENT_TIMESTAMP, 'G304', 7, 3, 4600000, 'available','phng 3 ngi'),
       (139, CURRENT_TIMESTAMP, 4, CURRENT_TIMESTAMP, 'G404', 7, 3, 4600000, 'available','phng 3 ngi'),
       (140, CURRENT_TIMESTAMP, 5, CURRENT_TIMESTAMP, 'G504', 7, 2, 4600000, 'available','phng 3 ngi'),
       (141, CURRENT_TIMESTAMP, 1, CURRENT_TIMESTAMP, 'A105', 1, 3, 4600000, 'available','phng 3 ngi'),
       (142, CURRENT_TIMESTAMP, 2, CURRENT_TIMESTAMP, 'A205', 1, 2, 4600000, 'available','phng 3 ngi'),
       (143, CURRENT_TIMESTAMP, 3, CURRENT_TIMESTAMP, 'A305', 1, 2, 4600000, 'available','phng 3 ngi'),
       (144, CURRENT_TIMESTAMP, 4, CURRENT_TIMESTAMP, 'A405', 1, 1, 4600000, 'available','phng 3 ngi'),
       (145, CURRENT_TIMESTAMP, 5, CURRENT_TIMESTAMP, 'A505', 1, 2, 4600000, 'available','phng 3 ngi'),
       (146, CURRENT_TIMESTAMP, 1, CURRENT_TIMESTAMP, 'B105', 2, 3, 4600000, 'available','phng 3 ngi'),
       (147, CURRENT_TIMESTAMP, 2, CURRENT_TIMESTAMP, 'B205', 2, 1, 4600000, 'available','phng 3 ngi'),
       (148, CURRENT_TIMESTAMP, 3, CURRENT_TIMESTAMP, 'B305', 2, 2, 4600000, 'available','phng 3 ngi'),
       (149, CURRENT_TIMESTAMP, 4, CURRENT_TIMESTAMP, 'B405', 2, 1, 4600000, 'available','phng 3 ngi'),
       (150, CURRENT_TIMESTAMP, 5, CURRENT_TIMESTAMP, 'B505', 2, 2, 4600000, 'available','phng 3 ngi'),
       (151, CURRENT_TIMESTAMP, 1, CURRENT_TIMESTAMP, 'C105', 3, 2, 4600000, 'available','phng 3 ngi'),
       (152, CURRENT_TIMESTAMP, 2, CURRENT_TIMESTAMP, 'C205', 3, 2, 4600000, 'available','phng 3 ngi'),
       (153, CURRENT_TIMESTAMP, 3, CURRENT_TIMESTAMP, 'C305', 3, 1, 4600000, 'available','phng 3 ngi'),
       (154, CURRENT_TIMESTAMP, 4, CURRENT_TIMESTAMP, 'C405', 3, 3, 4600000, 'available','phng 3 ngi'),
       (155, CURRENT_TIMESTAMP, 5, CURRENT_TIMESTAMP, 'C505', 3, 1, 4600000, 'available','phng 3 ngi'),
       (156, CURRENT_TIMESTAMP, 1, CURRENT_TIMESTAMP, 'D105', 4, 2, 4600000, 'available','phng 3 ngi'),
       (157, CURRENT_TIMESTAMP, 2, CURRENT_TIMESTAMP, 'D205', 4, 3, 4600000, 'available','phng 3 ngi'),
       (158, CURRENT_TIMESTAMP, 3, CURRENT_TIMESTAMP, 'D305', 4, 2, 4600000, 'available','phng 3 ngi'),
       (159, CURRENT_TIMESTAMP, 4, CURRENT_TIMESTAMP, 'D405', 4, 3, 4600000, 'available','phng 3 ngi'),
       (160, CURRENT_TIMESTAMP, 5, CURRENT_TIMESTAMP, 'D505', 4, 1, 4600000, 'available','phng 3 ngi'),
       (161, CURRENT_TIMESTAMP, 1, CURRENT_TIMESTAMP, 'E105', 5, 3, 4600000, 'available','phng 3 ngi'),
       (162, CURRENT_TIMESTAMP, 2, CURRENT_TIMESTAMP, 'E205', 5, 2, 4600000, 'available','phng 3 ngi'),
       (163, CURRENT_TIMESTAMP, 3, CURRENT_TIMESTAMP, 'E305', 5, 2, 4600000, 'available','phng 3 ngi'),
       (164, CURRENT_TIMESTAMP, 4, CURRENT_TIMESTAMP, 'E405', 5, 3, 4600000, 'available','phng 3 ngi'),
       (165, CURRENT_TIMESTAMP, 5, CURRENT_TIMESTAMP, 'E505', 5, 3, 4600000, 'available','phng 3 ngi'),
       (166, CURRENT_TIMESTAMP, 1, CURRENT_TIMESTAMP, 'F105', 6, 2, 4600000, 'available','phng 3 ngi'),
       (167, CURRENT_TIMESTAMP, 2, CURRENT_TIMESTAMP, 'F205', 6, 1, 4600000, 'available','phng 3 ngi'),
       (168, CURRENT_TIMESTAMP, 3, CURRENT_TIMESTAMP, 'F305', 6, 1, 4600000, 'available','phng 3 ngi'),
       (169, CURRENT_TIMESTAMP, 4, CURRENT_TIMESTAMP, 'F405', 6, 1, 4600000, 'available','phng 3 ngi'),
       (170, CURRENT_TIMESTAMP, 5, CURRENT_TIMESTAMP, 'F505', 6, 3, 4600000, 'available','phng 3 ngi'),
       (171, CURRENT_TIMESTAMP, 1, CURRENT_TIMESTAMP, 'G105', 7, 3, 4600000, 'available','phng 3 ngi'),
       (172, CURRENT_TIMESTAMP, 2, CURRENT_TIMESTAMP, 'G205', 7, 2, 4600000,'available', 'phng 3 ngi'),
       (173, CURRENT_TIMESTAMP, 3, CURRENT_TIMESTAMP, 'G305', 7, 1, 4600000,'available', 'phng 3 ngi'),
       (174, CURRENT_TIMESTAMP, 4, CURRENT_TIMESTAMP, 'G405', 7, 1, 4600000,'available', 'phng 3 ngi'),
       (175, CURRENT_TIMESTAMP, 5, CURRENT_TIMESTAMP, 'G505', 7, 2, 4600000, 'available','phng 3 ngi');
/*!40000 ALTER TABLE `room`
    ENABLE KEYS */;
UNLOCK TABLES;
DROP TABLE IF EXISTS `semester`;
/*!40101 SET @saved_cs_client     = @@character_set_client */;
/*!50503 SET character_set_client = utf8mb4 */;
CREATE TABLE semester
(
    semester_id   BIGINT PRIMARY KEY,
    created_at    DATETIME,
    end_date      DATE,
    semester_name VARCHAR(255),
    start_date    DATE,
    updated_at    DATETIME
);
LOCK
    TABLES `semester` WRITE;
/*!40000 ALTER TABLE `semester` DISABLE KEYS */;
INSERT INTO `semester`
VALUES (1, CURRENT_TIMESTAMP, '2023-12-31', 'Fall 2023', '2023-09-01', CURRENT_TIMESTAMP),
       (2, CURRENT_TIMESTAMP, '2024-04-30', 'Spring 2024', '2024-01-01', CURRENT_TIMESTAMP),
       (3, CURRENT_TIMESTAMP, '2024-08-31', 'Summer 2024', '2024-05-01', CURRENT_TIMESTAMP);
/*!40000 ALTER TABLE `semester` ENABLE KEYS */;
UNLOCK
    TABLES;
DROP TABLE IF EXISTS `user`;
/*!40101 SET @saved_cs_client     = @@character_set_client */;
/*!50503 SET character_set_client = utf8mb4 */;

CREATE TABLE user
(
    id            BIGINT PRIMARY KEY,
    avartar_image VARCHAR(255),
    address       VARCHAR(100),
    created_at    DATETIME,
    date_of_birth DATE,
    email         VARCHAR(100),
    full_name     VARCHAR(100),
    gender        VARCHAR(20),
    password      VARCHAR(255),
    phone         VARCHAR(20),
    status        VARCHAR(50),
    updated_at    DATETIME,
    user_name     VARCHAR(50),
    role_id       BIGINT,
    FOREIGN KEY (role_id) REFERENCES role (role_id) ON DELETE CASCADE
)ENGINE=InnoDB AUTO_INCREMENT=11 DEFAULT CHARSET=utf8mb4 COLLATE=utf8mb4_0900_ai_ci;
/*!40101 SET character_set_client = @saved_cs_client */;
LOCK
    TABLES `user` WRITE;
/*!40000 ALTER TABLE `user` DISABLE KEYS */;
INSERT INTO `user` VALUES ('1', 'https://bootdey.com/img/Content/avatar/avatar6.png','S nh 252-TDP 10 phng Vn Phc, Qun H ng, H Ni', CURRENT_TIMESTAMP, '2000-01-01',  'minhndhe160497@gmail.com','Nguyn c Minh', 'Male', '$2a$10$dWggfT68kLLwbFm/NirJu.e5x5zus6lvO/W.azLFcWE3A5uD9k0dC', '0123456789', 'active', CURRENT_TIMESTAMP,'minhndhe160497@gmail.com', '2'),
                          ('2', 'https://bootdey.com/img/Content/avatar/avatar6.png', 'Trung Lng huc th x Hng Lnh, tnh H Tnh,',  CURRENT_TIMESTAMP, '2000-01-01', 'thinhdvhe120322@gmail.com','V c Thnh', 'Male', '$2a$10$uSFM1QTiY.9.HeQB1ui1Su9raSP1HRLKTV3czPoKGcKZ5lj2XpAHi', '0123456789', 'active', CURRENT_TIMESTAMP, 'thinhdvhe120322@gmail.com', '2'),
                          ('3', 'https://bootdey.com/img/Content/avatar/avatar6.png', 'Xm Ca, X Ngha Hon, Huyn Tn K, Ngh An',   CURRENT_TIMESTAMP, '2000-01-01','huytqhe180412@gmail.com', 'Trn Quang Huy', 'Male', '$2a$10$uSFM1QTiY.9.HeQB1ui1Su9raSP1HRLKTV3czPoKGcKZ5lj2XpAHi', '0123456789', 'active', CURRENT_TIMESTAMP,'huytqhe180412@gmail.com',  '2'),
                          ('4', 'https://bootdey.com/img/Content/avatar/avatar6.png', 'S 95B Dng nh Ngh, Phng Tn Sn, Thnh ph Thanh Ho,Thanh Ha',  CURRENT_TIMESTAMP, '2000-01-01','tuanvvhe163232@gmail.com', 'Vng Vn Tun', 'Male', '$2a$10$uSFM1QTiY.9.HeQB1ui1Su9raSP1HRLKTV3czPoKGcKZ5lj2XpAHi', '0123456789', 'active', CURRENT_TIMESTAMP,'tuanvvhe163232@gmail.com', '2'),
                          ('5', 'https://bootdey.com/img/Content/avatar/avatar6.png', 'S 126, ng Lng Vn Thng, Phng ng Thnh, Thnh ph Ninh Bnh, Ninh Bnh',   CURRENT_TIMESTAMP,  '2000-01-01','tungnxhe174532@gmail.com', 'Nguyn Xun Tng', 'Male', '$2a$10$uSFM1QTiY.9.HeQB1ui1Su9raSP1HRLKTV3czPoKGcKZ5lj2XpAHi', '0123456789', 'active', CURRENT_TIMESTAMP, 'tungnxhe174532@gmail.com', '2'),
                          ('6', 'https://bootdey.com/img/Content/avatar/avatar6.png', 'Xm 9, X Gia Hng, Huyn Gia Vin, Ninh Bnh',  CURRENT_TIMESTAMP, '2000-01-01','phuongdm@fpt.com', 'ng Mai Phng', 'Female', '$2a$10$uSFM1QTiY.9.HeQB1ui1Su9raSP1HRLKTV3czPoKGcKZ5lj2XpAHi', '0123456789', 'active', CURRENT_TIMESTAMP, 'phuongdm@fpt.com', '1'),
                          ('7', 'https://bootdey.com/img/Content/avatar/avatar6.png', 'S 14, ng 189/ 82 Nguyn Ngc V, Phng Trung Ho, Qun Cu Giy, H Ni',  CURRENT_TIMESTAMP, '2000-01-01','botv@fpt.com', 'Trnh Vn B', 'Male', '$2a$10$uSFM1QTiY.9.HeQB1ui1Su9raSP1HRLKTV3czPoKGcKZ5lj2XpAHi', '0123456789', 'active', CURRENT_TIMESTAMP, 'botv@fpt.com', '3'),
                          ('8', 'https://bootdey.com/img/Content/avatar/avatar6.png', 'S nh 106, ph Nguyn c Cnh, Phng Duyn Hi, Thnh ph Lo Cai, Lo Cai',  CURRENT_TIMESTAMP, '2000-01-01', 'linhdnk@gmail.com', 'Dng Ngc Khnh Linh', 'Female', '$2a$10$uSFM1QTiY.9.HeQB1ui1Su9raSP1HRLKTV3czPoKGcKZ5lj2XpAHi', '0123456789', 'active', CURRENT_TIMESTAMP, 'linhdnk@gmail.com', '3'),
                          ('9', 'https://bootdey.com/img/Content/avatar/avatar6.png', 'T 5, Phng Phng Ch Kin, Thnh Ph Bc Kn, Bc Cn',  CURRENT_TIMESTAMP,'2000-01-01', 'minhhn@gmail.com', 'Hong Nht Minh', 'Male', '$2a$10$uSFM1QTiY.9.HeQB1ui1Su9raSP1HRLKTV3czPoKGcKZ5lj2XpAHi', '0123456789', 'active', CURRENT_TIMESTAMP, 'minhhn@gmail.com', '3'),
(10, 'https://bootdey.com/img/Content/avatar/avatar6.png', 'S nh 1, ng ABC, Qun XYZ, TP HCM', CURRENT_TIMESTAMP, '2000-01-01', 'user1@example.com', 'Ngi dng 1', 'Male', '$2a$10$dummyhash', '0123456789', 'active', CURRENT_TIMESTAMP, 'user1@example.com', 2),
(11, 'https://bootdey.com/img/Content/avatar/avatar6.png', 'S nh 2, ng DEF, Qun UVW, TP HCM', CURRENT_TIMESTAMP, '2000-01-01', 'user2@example.com', 'Ngi dng 2', 'Male', '$2a$10$dummyhash', '0123456789', 'active', CURRENT_TIMESTAMP, 'user2@example.com', 2),
(12, 'https://bootdey.com/img/Content/avatar/avatar6.png', 'S nh 3, ng GHI, Qun LMN, TP HCM', CURRENT_TIMESTAMP, '2000-01-01', 'user3@example.com', 'Ngi dng 3', 'Female', '$2a$10$dummyhash', '0123456789', 'active', CURRENT_TIMESTAMP, 'user3@example.com', 2),
(13, 'https://bootdey.com/img/Content/avatar/avatar6.png', 'S nh 4, ng JKL, Qun OPQ, TP HCM', CURRENT_TIMESTAMP, '2000-01-01', 'user4@example.com', 'Ngi dng 4', 'Male', '$2a$10$dummyhash', '0123456789', 'active', CURRENT_TIMESTAMP, 'user4@example.com', 2),
(14, 'https://bootdey.com/img/Content/avatar/avatar6.png', 'S nh 5, ng RST, Qun UVW, TP HCM', CURRENT_TIMESTAMP, '2000-01-01', 'user5@example.com', 'Ngi dng 5', 'Female', '$2a$10$dummyhash', '0123456789', 'active', CURRENT_TIMESTAMP, 'user5@example.com', 2),
(15, 'https://bootdey.com/img/Content/avatar/avatar6.png', 'S nh 6, ng XYZ, Qun ABC, TP HCM', CURRENT_TIMESTAMP, '2000-01-01', 'user6@example.com', 'Ngi dng 6', 'Male', '$2a$10$dummyhash', '0123456789', 'active', CURRENT_TIMESTAMP, 'user6@example.com', 2),
(16, 'https://bootdey.com/img/Content/avatar/avatar6.png', 'S nh 7, ng MNO, Qun PQR, TP HCM', CURRENT_TIMESTAMP, '2000-01-01', 'user7@example.com', 'Ngi dng 7', 'Female', '$2a$10$dummyhash', '0123456789', 'active', CURRENT_TIMESTAMP, 'user7@example.com', 2),
(17, 'https://bootdey.com/img/Content/avatar/avatar6.png', 'S nh 8, ng STU, Qun VWX, TP HCM', CURRENT_TIMESTAMP, '2000-01-01', 'user8@example.com', 'Ngi dng 8', 'Male', '$2a$10$dummyhash', '0123456789', 'active', CURRENT_TIMESTAMP, 'user8@example.com', 2),
(18, 'https://bootdey.com/img/Content/avatar/avatar6.png', 'S nh 9, ng YZA, Qun BCD, TP HCM', CURRENT_TIMESTAMP, '2000-01-01', 'user9@example.com', 'Ngi dng 9', 'Female', '$2a$10$dummyhash', '0123456789', 'active', CURRENT_TIMESTAMP, 'user9@example.com', 2),
(19, 'https://bootdey.com/img/Content/avatar/avatar6.png', 'S nh 10, ng EFG, Qun HIJ, TP HCM', CURRENT_TIMESTAMP, '2000-01-01', 'user10@example.com', 'Ngi dng 10', 'Male', '$2a$10$dummyhash', '0123456789', 'active', CURRENT_TIMESTAMP, 'user10@example.com', 2),
(20, 'https://bootdey.com/img/Content/avatar/avatar6.png', 'S nh 11, ng KLM, Qun NOP, TP HCM', CURRENT_TIMESTAMP, '2000-01-01', 'user11@example.com', 'Ngi dng 11', 'Female', '$2a$10$dummyhash', '0123456789', 'active', CURRENT_TIMESTAMP, 'user11@example.com', 2),
(21, 'https://bootdey.com/img/Content/avatar/avatar6.png', 'S nh 12, ng QRS, Qun TUV, TP HCM', CURRENT_TIMESTAMP, '2000-01-01', 'user12@example.com', 'Ngi dng 12', 'Male', '$2a$10$dummyhash', '0123456789', 'active', CURRENT_TIMESTAMP, 'user12@example.com', 2),
(22, 'https://bootdey.com/img/Content/avatar/avatar6.png', 'S nh 13, ng WXY, Qun ZAB, TP HCM', CURRENT_TIMESTAMP, '2000-01-01', 'user13@example.com', 'Ngi dng 13', 'Female', '$2a$10$dummyhash', '0123456789', 'active', CURRENT_TIMESTAMP, 'user13@example.com', 2),
(23, 'https://bootdey.com/img/Content/avatar/avatar6.png', 'S nh 14, ng CDE, Qun FGH, TP HCM', CURRENT_TIMESTAMP, '2000-01-01', 'user14@example.com', 'Ngi dng 14', 'Male', '$2a$10$dummyhash', '0123456789', 'active', CURRENT_TIMESTAMP, 'user14@example.com', 2),
(24, 'https://bootdey.com/img/Content/avatar/avatar6.png', 'S nh 15, ng IJK, Qun LMN, TP HCM', CURRENT_TIMESTAMP, '2000-01-01', 'user15@example.com', 'Ngi dng 15', 'Female', '$2a$10$dummyhash', '0123456789', 'active', CURRENT_TIMESTAMP, 'user15@example.com', 2),
(25, 'https://bootdey.com/img/Content/avatar/avatar6.png', 'S nh 16, ng OPQ, Qun RST, TP HCM', CURRENT_TIMESTAMP, '2000-01-01', 'user16@example.com', 'Ngi dng 16', 'Male', '$2a$10$dummyhash', '0123456789', 'active', CURRENT_TIMESTAMP, 'user16@example.com', 2),
(26, 'https://bootdey.com/img/Content/avatar/avatar6.png', 'S nh 17, ng UVW, Qun XYZ, TP HCM', CURRENT_TIMESTAMP, '2000-01-01', 'user17@example.com', 'Ngi dng 17', 'Female', '$2a$10$dummyhash', '0123456789', 'active', CURRENT_TIMESTAMP, 'user17@example.com', 2),
(27, 'https://bootdey.com/img/Content/avatar/avatar6.png', 'S nh 18, ng ABC, Qun DEF, TP HCM', CURRENT_TIMESTAMP, '2000-01-01', 'user18@example.com', 'Ngi dng 18', 'Male', '$2a$10$dummyhash', '0123456789', 'active', CURRENT_TIMESTAMP, 'user18@example.com', 2),
(28, 'https://bootdey.com/img/Content/avatar/avatar6.png', 'S nh 19, ng GHI, Qun JKL, TP HCM', CURRENT_TIMESTAMP, '2000-01-01', 'user19@example.com', 'Ngi dng 19', 'Female', '$2a$10$dummyhash', '0123456789', 'active', CURRENT_TIMESTAMP, 'user19@example.com', 2),
(29, 'https://bootdey.com/img/Content/avatar/avatar6.png', 'S nh 20, ng MNO, Qun PQR, TP HCM', CURRENT_TIMESTAMP, '2000-01-01', 'user20@example.com', 'Ngi dng 20', 'Male', '$2a$10$dummyhash', '0123456789', 'active', CURRENT_TIMESTAMP, 'user20@example.com', 2),
(30, 'https://bootdey.com/img/Content/avatar/avatar6.png', 'S nh 21, ng STU, Qun VWX, TP HCM', CURRENT_TIMESTAMP, '2000-01-01', 'user21@example.com', 'Ngi dng 21', 'Female', '$2a$10$dummyhash', '0123456789', 'active', CURRENT_TIMESTAMP, 'user21@example.com', 2),
(31, 'https://bootdey.com/img/Content/avatar/avatar6.png', 'S nh 22, ng YZA, Qun BCD, TP HCM', CURRENT_TIMESTAMP, '2000-01-01', 'user22@example.com', 'Ngi dng 22', 'Male', '$2a$10$dummyhash', '0123456789', 'active', CURRENT_TIMESTAMP, 'user22@example.com', 2),
(32, 'https://bootdey.com/img/Content/avatar/avatar6.png', 'S nh 23, ng EFG, Qun HIJ, TP HCM', CURRENT_TIMESTAMP, '2000-01-01', 'user23@example.com', 'Ngi dng 23', 'Female', '$2a$10$dummyhash', '0123456789', 'active', CURRENT_TIMESTAMP, 'user23@example.com', 2),
(33, 'https://bootdey.com/img/Content/avatar/avatar6.png', 'S nh 24, ng KLM, Qun NOP, TP HCM', CURRENT_TIMESTAMP, '2000-01-01', 'user24@example.com', 'Ngi dng 24', 'Male', '$2a$10$dummyhash', '0123456789', 'active', CURRENT_TIMESTAMP, 'user24@example.com', 2),
(34, 'https://bootdey.com/img/Content/avatar/avatar6.png', 'S nh 25, ng QRS, Qun TUV, TP HCM', CURRENT_TIMESTAMP, '2000-01-01', 'user25@example.com', 'Ngi dng 25', 'Female', '$2a$10$dummyhash', '0123456789', 'active', CURRENT_TIMESTAMP, 'user25@example.com', 2),
(35, 'https://bootdey.com/img/Content/avatar/avatar6.png', 'S nh 26, ng WXY, Qun ZAB, TP HCM', CURRENT_TIMESTAMP, '2000-01-01', 'user26@example.com', 'Ngi dng 26', 'Male', '$2a$10$dummyhash', '0123456789', 'active', CURRENT_TIMESTAMP, 'user26@example.com', 2),
(36, 'https://bootdey.com/img/Content/avatar/avatar6.png', 'S nh 27, ng CDE, Qun FGH, TP HCM', CURRENT_TIMESTAMP, '2000-01-01', 'user27@example.com', 'Ngi dng 27', 'Female', '$2a$10$dummyhash', '0123456789', 'active', CURRENT_TIMESTAMP, 'user27@example.com', 2),
(37, 'https://bootdey.com/img/Content/avatar/avatar6.png', 'S nh 28, ng IJK, Qun LMN, TP HCM', CURRENT_TIMESTAMP, '2000-01-01', 'user28@example.com', 'Ngi dng 28', 'Male', '$2a$10$dummyhash', '0123456789', 'active', CURRENT_TIMESTAMP, 'user28@example.com', 2),
(38, 'https://bootdey.com/img/Content/avatar/avatar6.png', 'S nh 29, ng OPQ, Qun RST, TP HCM', CURRENT_TIMESTAMP, '2000-01-01', 'user29@example.com', 'Ngi dng 29', 'Female', '$2a$10$dummyhash', '0123456789', 'active', CURRENT_TIMESTAMP, 'user29@example.com', 2),
(39, 'https://bootdey.com/img/Content/avatar/avatar6.png', 'S nh 30, ng UVW, Qun XYZ, TP HCM', CURRENT_TIMESTAMP, '2000-01-01', 'user30@example.com', 'Ngi dng 30', 'Male', '$2a$10$dummyhash', '0123456789', 'active', CURRENT_TIMESTAMP, 'user30@example.com', 2),
(40, 'https://bootdey.com/img/Content/avatar/avatar6.png', 'S nh 31, ng ABC, Qun DEF, TP HCM', CURRENT_TIMESTAMP, '2000-01-01', 'user31@example.com', 'Ngi dng 31', 'Female', '$2a$10$dummyhash', '0123456789', 'active', CURRENT_TIMESTAMP, 'user31@example.com', 2),
(41, 'https://bootdey.com/img/Content/avatar/avatar6.png', 'S nh 32, ng GHI, Qun JKL, TP HCM', CURRENT_TIMESTAMP, '2000-01-01', 'user32@example.com', 'Ngi dng 32', 'Male', '$2a$10$dummyhash', '0123456789', 'active', CURRENT_TIMESTAMP, 'user32@example.com', 2),
(42, 'https://bootdey.com/img/Content/avatar/avatar6.png', 'S nh 33, ng MNO, Qun PQR, TP HCM', CURRENT_TIMESTAMP, '2000-01-01', 'user33@example.com', 'Ngi dng 33', 'Female', '$2a$10$dummyhash', '0123456789', 'active', CURRENT_TIMESTAMP, 'user33@example.com', 2),
(43, 'https://bootdey.com/img/Content/avatar/avatar6.png', 'S nh 34, ng STU, Qun VWX, TP HCM', CURRENT_TIMESTAMP, '2000-01-01', 'user34@example.com', 'Ngi dng 34', 'Male', '$2a$10$dummyhash', '0123456789', 'active', CURRENT_TIMESTAMP, 'user34@example.com', 2),
(44, 'https://bootdey.com/img/Content/avatar/avatar6.png', 'S nh 35, ng YZA, Qun BCD, TP HCM', CURRENT_TIMESTAMP, '2000-01-01', 'user35@example.com', 'Ngi dng 35', 'Female', '$2a$10$dummyhash', '0123456789', 'active', CURRENT_TIMESTAMP, 'user35@example.com', 2),
(45, 'https://bootdey.com/img/Content/avatar/avatar6.png', 'S nh 36, ng EFG, Qun HIJ, TP HCM', CURRENT_TIMESTAMP, '2000-01-01', 'user36@example.com', 'Ngi dng 36', 'Male', '$2a$10$dummyhash', '0123456789', 'active', CURRENT_TIMESTAMP, 'user36@example.com', 2),
(46, 'https://bootdey.com/img/Content/avatar/avatar6.png', 'S nh 37, ng KLM, Qun NOP, TP HCM', CURRENT_TIMESTAMP, '2000-01-01', 'user37@example.com', 'Ngi dng 37', 'Female', '$2a$10$dummyhash', '0123456789', 'active', CURRENT_TIMESTAMP, 'user37@example.com', 2),
(47, 'https://bootdey.com/img/Content/avatar/avatar6.png', 'S nh 38, ng QRS, Qun TUV, TP HCM', CURRENT_TIMESTAMP, '2000-01-01', 'user38@example.com', 'Ngi dng 38', 'Male', '$2a$10$dummyhash', '0123456789', 'active', CURRENT_TIMESTAMP, 'user38@example.com', 2),
(48, 'https://bootdey.com/img/Content/avatar/avatar6.png', 'S nh 39, ng WXY, Qun ZAB, TP HCM', CURRENT_TIMESTAMP, '2000-01-01', 'user39@example.com', 'Ngi dng 39', 'Female', '$2a$10$dummyhash', '0123456789', 'active', CURRENT_TIMESTAMP, 'user39@example.com', 2),
(49, 'https://bootdey.com/img/Content/avatar/avatar6.png', 'S nh 40, ng CDE, Qun FGH, TP HCM', CURRENT_TIMESTAMP, '2000-01-01', 'user40@example.com', 'Ngi dng 40', 'Male', '$2a$10$dummyhash', '0123456789', 'active', CURRENT_TIMESTAMP, 'user40@example.com', 2),
(50, 'https://bootdey.com/img/Content/avatar/avatar6.png', 'S nh 41, ng IJK, Qun LMN, TP HCM', CURRENT_TIMESTAMP, '2000-01-01', 'user41@example.com', 'Ngi dng 41', 'Female', '$2a$10$dummyhash', '0123456789', 'active', CURRENT_TIMESTAMP, 'user41@example.com', 2),
(51, 'https://bootdey.com/img/Content/avatar/avatar6.png', 'S nh 42, ng OPQ, Qun RST, TP HCM', CURRENT_TIMESTAMP, '2000-01-01', 'user42@example.com', 'Ngi dng 42', 'Male', '$2a$10$dummyhash', '0123456789', 'active', CURRENT_TIMESTAMP, 'user42@example.com', 2),
(52, 'https://bootdey.com/img/Content/avatar/avatar6.png', 'S nh 43, ng UVW, Qun XYZ, TP HCM', CURRENT_TIMESTAMP, '2000-01-01', 'user43@example.com', 'Ngi dng 43', 'Female', '$2a$10$dummyhash', '0123456789', 'active', CURRENT_TIMESTAMP, 'user43@example.com', 2),
(53, 'https://bootdey.com/img/Content/avatar/avatar6.png', 'S nh 44, ng ABC, Qun DEF, TP HCM', CURRENT_TIMESTAMP, '2000-01-01', 'user44@example.com', 'Ngi dng 44', 'Male', '$2a$10$dummyhash', '0123456789', 'active', CURRENT_TIMESTAMP, 'user44@example.com', 2),
(54, 'https://bootdey.com/img/Content/avatar/avatar6.png', 'S nh 45, ng GHI, Qun JKL, TP HCM', CURRENT_TIMESTAMP, '2000-01-01', 'user45@example.com', 'Ngi dng 45', 'Female', '$2a$10$dummyhash', '0123456789', 'active', CURRENT_TIMESTAMP, 'user45@example.com', 2),
(55, 'https://bootdey.com/img/Content/avatar/avatar6.png', 'S nh 46, ng MNO, Qun PQR, TP HCM', CURRENT_TIMESTAMP, '2000-01-01', 'user46@example.com', 'Ngi dng 46', 'Male', '$2a$10$dummyhash', '0123456789', 'active', CURRENT_TIMESTAMP, 'user46@example.com', 2),
(56, 'https://bootdey.com/img/Content/avatar/avatar6.png', 'S nh 47, ng STU, Qun VWX, TP HCM', CURRENT_TIMESTAMP, '2000-01-01', 'user47@example.com', 'Ngi dng 47', 'Female', '$2a$10$dummyhash', '0123456789', 'active', CURRENT_TIMESTAMP, 'user47@example.com', 2),
(57, 'https://bootdey.com/img/Content/avatar/avatar6.png', 'S nh 48, ng YZA, Qun BCD, TP HCM', CURRENT_TIMESTAMP, '2000-01-01', 'user48@example.com', 'Ngi dng 48', 'Male', '$2a$10$dummyhash', '0123456789', 'active', CURRENT_TIMESTAMP, 'user48@example.com', 2),
(58, 'https://bootdey.com/img/Content/avatar/avatar6.png', 'S nh 49, ng EFG, Qun HIJ, TP HCM', CURRENT_TIMESTAMP, '2000-01-01', 'user49@example.com', 'Ngi dng 49', 'Female', '$2a$10$dummyhash', '0123456789', 'active', CURRENT_TIMESTAMP, 'user49@example.com', 2),
(59, 'https://bootdey.com/img/Content/avatar/avatar6.png', 'S nh 50, ng KLM, Qun NOP, TP HCM', CURRENT_TIMESTAMP, '2000-01-01', 'user50@example.com', 'Ngi dng 50', 'Male', '$2a$10$dummyhash', '0123456789', 'active', CURRENT_TIMESTAMP, 'user50@example.com', 2),
 (60, 'https://bootdey.com/img/Content/avatar/avatar6.png', 'a ch 1', CURRENT_TIMESTAMP, '2000-01-01', 'user60@example.com', 'User 60', 'Male', '$2a$10$dWggfT68kLLwbFm/NirJu.e5x5zus6lvO/W.azLFcWE3A5uD9k0dC', '0123456789', 'active', CURRENT_TIMESTAMP, 'user60@example.com', 2),
    (61, 'https://bootdey.com/img/Content/avatar/avatar6.png', 'a ch 2', CURRENT_TIMESTAMP, '2000-01-01', 'user61@example.com', 'User 61', 'Male', '$2a$10$dWggfT68kLLwbFm/NirJu.e5x5zus6lvO/W.azLFcWE3A5uD9k0dC', '0123456789', 'active', CURRENT_TIMESTAMP, 'user61@example.com', 2),
    (62, 'https://bootdey.com/img/Content/avatar/avatar6.png', 'a ch 3', CURRENT_TIMESTAMP, '2000-01-01', 'user62@example.com', 'User 62', 'Female', '$2a$10$dWggfT68kLLwbFm/NirJu.e5x5zus6lvO/W.azLFcWE3A5uD9k0dC', '0123456789', 'active', CURRENT_TIMESTAMP, 'user62@example.com', 2),
    (63, 'https://bootdey.com/img/Content/avatar/avatar6.png', 'a ch 4', CURRENT_TIMESTAMP, '2000-01-01', 'user63@example.com', 'User 63', 'Male', '$2a$10$dWggfT68kLLwbFm/NirJu.e5x5zus6lvO/W.azLFcWE3A5uD9k0dC', '0123456789', 'active', CURRENT_TIMESTAMP, 'user63@example.com', 2),
    (64, 'https://bootdey.com/img/Content/avatar/avatar6.png', 'a ch 5', CURRENT_TIMESTAMP, '2000-01-01', 'user64@example.com', 'User 64', 'Female', '$2a$10$dWggfT68kLLwbFm/NirJu.e5x5zus6lvO/W.azLFcWE3A5uD9k0dC', '0123456789', 'active', CURRENT_TIMESTAMP, 'user64@example.com', 2),
    (65, 'https://bootdey.com/img/Content/avatar/avatar6.png', 'a ch 6', CURRENT_TIMESTAMP, '2000-01-01', 'user65@example.com', 'User 65', 'Male', '$2a$10$dWggfT68kLLwbFm/NirJu.e5x5zus6lvO/W.azLFcWE3A5uD9k0dC', '0123456789', 'active', CURRENT_TIMESTAMP, 'user65@example.com', 2),
    (66, 'https://bootdey.com/img/Content/avatar/avatar6.png', 'a ch 7', CURRENT_TIMESTAMP, '2000-01-01', 'user66@example.com', 'User 66', 'Female', '$2a$10$dWggfT68kLLwbFm/NirJu.e5x5zus6lvO/W.azLFcWE3A5uD9k0dC', '0123456789', 'active', CURRENT_TIMESTAMP, 'user66@example.com', 2),
    (67, 'https://bootdey.com/img/Content/avatar/avatar6.png', 'a ch 8', CURRENT_TIMESTAMP, '2000-01-01', 'user67@example.com', 'User 67', 'Male', '$2a$10$dWggfT68kLLwbFm/NirJu.e5x5zus6lvO/W.azLFcWE3A5uD9k0dC', '0123456789', 'active', CURRENT_TIMESTAMP, 'user67@example.com', 2),
    (68, 'https://bootdey.com/img/Content/avatar/avatar6.png', 'a ch 9', CURRENT_TIMESTAMP, '2000-01-01', 'user68@example.com', 'User 68', 'Female', '$2a$10$dWggfT68kLLwbFm/NirJu.e5x5zus6lvO/W.azLFcWE3A5uD9k0dC', '0123456789', 'active', CURRENT_TIMESTAMP, 'user68@example.com', 2),
    (69, 'https://bootdey.com/img/Content/avatar/avatar6.png', 'a ch 10', CURRENT_TIMESTAMP, '2000-01-01', 'user69@example.com', 'User 69', 'Male', '$2a$10$dWggfT68kLLwbFm/NirJu.e5x5zus6lvO/W.azLFcWE3A5uD9k0dC', '0123456789', 'active', CURRENT_TIMESTAMP, 'user69@example.com', 2),
    (70, 'https://bootdey.com/img/Content/avatar/avatar6.png', 'a ch 11', CURRENT_TIMESTAMP, '2000-01-01', 'user70@example.com', 'User 70', 'Female', '$2a$10$dWggfT68kLLwbFm/NirJu.e5x5zus6lvO/W.azLFcWE3A5uD9k0dC', '0123456789', 'active', CURRENT_TIMESTAMP, 'user70@example.com', 2),
    (71, 'https://bootdey.com/img/Content/avatar/avatar6.png', 'a ch 12', CURRENT_TIMESTAMP, '2000-01-01', 'user71@example.com', 'User 71', 'Male', '$2a$10$dWggfT68kLLwbFm/NirJu.e5x5zus6lvO/W.azLFcWE3A5uD9k0dC', '0123456789', 'active', CURRENT_TIMESTAMP, 'user71@example.com', 2),
    (72, 'https://bootdey.com/img/Content/avatar/avatar6.png', 'a ch 13', CURRENT_TIMESTAMP, '2000-01-01', 'user72@example.com', 'User 72', 'Female', '$2a$10$dWggfT68kLLwbFm/NirJu.e5x5zus6lvO/W.azLFcWE3A5uD9k0dC', '0123456789', 'active', CURRENT_TIMESTAMP, 'user72@example.com', 2),
    (73, 'https://bootdey.com/img/Content/avatar/avatar6.png', 'a ch 14', CURRENT_TIMESTAMP, '2000-01-01', 'user73@example.com', 'User 73', 'Male', '$2a$10$dWggfT68kLLwbFm/NirJu.e5x5zus6lvO/W.azLFcWE3A5uD9k0dC', '0123456789', 'active', CURRENT_TIMESTAMP, 'user73@example.com', 2),
    (74, 'https://bootdey.com/img/Content/avatar/avatar6.png', 'a ch 15', CURRENT_TIMESTAMP, '2000-01-01', 'user74@example.com', 'User 74', 'Female', '$2a$10$dWggfT68kLLwbFm/NirJu.e5x5zus6lvO/W.azLFcWE3A5uD9k0dC', '0123456789', 'active', CURRENT_TIMESTAMP, 'user74@example.com', 2),
    (75, 'https://bootdey.com/img/Content/avatar/avatar6.png', 'a ch 16', CURRENT_TIMESTAMP, '2000-01-01', 'user75@example.com', 'User 75', 'Male', '$2a$10$dWggfT68kLLwbFm/NirJu.e5x5zus6lvO/W.azLFcWE3A5uD9k0dC', '0123456789', 'active', CURRENT_TIMESTAMP, 'user75@example.com', 2),
    (76, 'https://bootdey.com/img/Content/avatar/avatar6.png', 'a ch 17', CURRENT_TIMESTAMP, '2000-01-01', 'user76@example.com', 'User 76', 'Female', '$2a$10$dWggfT68kLLwbFm/NirJu.e5x5zus6lvO/W.azLFcWE3A5uD9k0dC', '0123456789', 'active', CURRENT_TIMESTAMP, 'user76@example.com', 2),
    (77, 'https://bootdey.com/img/Content/avatar/avatar6.png', 'a ch 18', CURRENT_TIMESTAMP, '2000-01-01', 'user77@example.com', 'User 77', 'Male', '$2a$10$dWggfT68kLLwbFm/NirJu.e5x5zus6lvO/W.azLFcWE3A5uD9k0dC', '0123456789', 'active', CURRENT_TIMESTAMP, 'user77@example.com', 2),
    (78, 'https://bootdey.com/img/Content/avatar/avatar6.png', 'a ch 19', CURRENT_TIMESTAMP, '2000-01-01', 'user78@example.com', 'User 78', 'Female', '$2a$10$dWggfT68kLLwbFm/NirJu.e5x5zus6lvO/W.azLFcWE3A5uD9k0dC', '0123456789', 'active', CURRENT_TIMESTAMP, 'user78@example.com', 2),
    (79, 'https://bootdey.com/img/Content/avatar/avatar6.png', 'a ch 20', CURRENT_TIMESTAMP, '2000-01-01', 'user79@example.com', 'User 79', 'Male', '$2a$10$dWggfT68kLLwbFm/NirJu.e5x5zus6lvO/W.azLFcWE3A5uD9k0dC', '0123456789', 'active', CURRENT_TIMESTAMP, 'user79@example.com', 2),
    (80, 'https://bootdey.com/img/Content/avatar/avatar6.png', 'a ch 21', CURRENT_TIMESTAMP, '2000-01-01', 'user80@example.com', 'User 80', 'Female', '$2a$10$dWggfT68kLLwbFm/NirJu.e5x5zus6lvO/W.azLFcWE3A5uD9k0dC', '0123456789', 'active', CURRENT_TIMESTAMP, 'user80@example.com', 2),
    (81, 'https://bootdey.com/img/Content/avatar/avatar6.png', 'a ch 22', CURRENT_TIMESTAMP, '2000-01-01', 'user81@example.com', 'User 81', 'Male', '$2a$10$dWggfT68kLLwbFm/NirJu.e5x5zus6lvO/W.azLFcWE3A5uD9k0dC', '0123456789', 'active', CURRENT_TIMESTAMP, 'user81@example.com', 2),
    (82, 'https://bootdey.com/img/Content/avatar/avatar6.png', 'a ch 23', CURRENT_TIMESTAMP, '2000-01-01', 'user82@example.com', 'User 82', 'Female', '$2a$10$dWggfT68kLLwbFm/NirJu.e5x5zus6lvO/W.azLFcWE3A5uD9k0dC', '0123456789', 'active', CURRENT_TIMESTAMP, 'user82@example.com', 2),
    (83, 'https://bootdey.com/img/Content/avatar/avatar6.png', 'a ch 24', CURRENT_TIMESTAMP, '2000-01-01', 'user83@example.com', 'User 83', 'Male', '$2a$10$dWggfT68kLLwbFm/NirJu.e5x5zus6lvO/W.azLFcWE3A5uD9k0dC', '0123456789', 'active', CURRENT_TIMESTAMP, 'user83@example.com', 2),
    (84, 'https://bootdey.com/img/Content/avatar/avatar6.png', 'a ch 25', CURRENT_TIMESTAMP, '2000-01-01', 'user84@example.com', 'User 84', 'Female', '$2a$10$dWggfT68kLLwbFm/NirJu.e5x5zus6lvO/W.azLFcWE3A5uD9k0dC', '0123456789', 'active', CURRENT_TIMESTAMP, 'user84@example.com', 2),
    (85, 'https://bootdey.com/img/Content/avatar/avatar6.png', 'a ch 26', CURRENT_TIMESTAMP, '2000-01-01', 'user85@example.com', 'User 85', 'Male', '$2a$10$dWggfT68kLLwbFm/NirJu.e5x5zus6lvO/W.azLFcWE3A5uD9k0dC', '0123456789', 'active', CURRENT_TIMESTAMP, 'user85@example.com', 2),
    (86, 'https://bootdey.com/img/Content/avatar/avatar6.png', 'a ch 27', CURRENT_TIMESTAMP, '2000-01-01', 'user86@example.com', 'User 86', 'Female', '$2a$10$dWggfT68kLLwbFm/NirJu.e5x5zus6lvO/W.azLFcWE3A5uD9k0dC', '0123456789', 'active', CURRENT_TIMESTAMP, 'user86@example.com', 2),
    (87, 'https://bootdey.com/img/Content/avatar/avatar6.png', 'a ch 28', CURRENT_TIMESTAMP, '2000-01-01', 'user87@example.com', 'User 87', 'Male', '$2a$10$dWggfT68kLLwbFm/NirJu.e5x5zus6lvO/W.azLFcWE3A5uD9k0dC', '0123456789', 'active', CURRENT_TIMESTAMP, 'user87@example.com', 2),
    (88, 'https://bootdey.com/img/Content/avatar/avatar6.png', 'a ch 29', CURRENT_TIMESTAMP, '2000-01-01', 'user88@example.com', 'User 88', 'Female', '$2a$10$dWggfT68kLLwbFm/NirJu.e5x5zus6lvO/W.azLFcWE3A5uD9k0dC', '0123456789', 'active', CURRENT_TIMESTAMP, 'user88@example.com', 2),
    (89, 'https://bootdey.com/img/Content/avatar/avatar6.png', 'a ch 30', CURRENT_TIMESTAMP, '2000-01-01', 'user89@example.com', 'User 89', 'Male', '$2a$10$dWggfT68kLLwbFm/NirJu.e5x5zus6lvO/W.azLFcWE3A5uD9k0dC', '0123456789', 'active', CURRENT_TIMESTAMP, 'user89@example.com', 2),
    (90, 'https://bootdey.com/img/Content/avatar/avatar6.png', 'a ch 31', CURRENT_TIMESTAMP, '2000-01-01', 'user90@example.com', 'User 90', 'Female', '$2a$10$dWggfT68kLLwbFm/NirJu.e5x5zus6lvO/W.azLFcWE3A5uD9k0dC', '0123456789', 'active', CURRENT_TIMESTAMP, 'user90@example.com', 2),
    (91, 'https://bootdey.com/img/Content/avatar/avatar6.png', 'a ch 32', CURRENT_TIMESTAMP, '2000-01-01', 'user91@example.com', 'User 91', 'Male', '$2a$10$dWggfT68kLLwbFm/NirJu.e5x5zus6lvO/W.azLFcWE3A5uD9k0dC', '0123456789', 'active', CURRENT_TIMESTAMP, 'user91@example.com', 2),
    (92, 'https://bootdey.com/img/Content/avatar/avatar6.png', 'a ch 33', CURRENT_TIMESTAMP, '2000-01-01', 'user92@example.com', 'User 92', 'Female', '$2a$10$dWggfT68kLLwbFm/NirJu.e5x5zus6lvO/W.azLFcWE3A5uD9k0dC', '0123456789', 'active', CURRENT_TIMESTAMP, 'user92@example.com', 2),
    (93, 'https://bootdey.com/img/Content/avatar/avatar6.png', 'a ch 34', CURRENT_TIMESTAMP, '2000-01-01', 'user93@example.com', 'User 93', 'Male', '$2a$10$dWggfT68kLLwbFm/NirJu.e5x5zus6lvO/W.azLFcWE3A5uD9k0dC', '0123456789', 'active', CURRENT_TIMESTAMP, 'user93@example.com', 2),
    (94, 'https://bootdey.com/img/Content/avatar/avatar6.png', 'a ch 35', CURRENT_TIMESTAMP, '2000-01-01', 'user94@example.com', 'User 94', 'Female', '$2a$10$dWggfT68kLLwbFm/NirJu.e5x5zus6lvO/W.azLFcWE3A5uD9k0dC', '0123456789', 'active', CURRENT_TIMESTAMP, 'user94@example.com', 2),
    (95, 'https://bootdey.com/img/Content/avatar/avatar6.png', 'a ch 36', CURRENT_TIMESTAMP, '2000-01-01', 'user95@example.com', 'User 95', 'Male', '$2a$10$dWggfT68kLLwbFm/NirJu.e5x5zus6lvO/W.azLFcWE3A5uD9k0dC', '0123456789', 'active', CURRENT_TIMESTAMP, 'user95@example.com', 2),
    (96, 'https://bootdey.com/img/Content/avatar/avatar6.png', 'a ch 37', CURRENT_TIMESTAMP, '2000-01-01', 'user96@example.com', 'User 96', 'Female', '$2a$10$dWggfT68kLLwbFm/NirJu.e5x5zus6lvO/W.azLFcWE3A5uD9k0dC', '0123456789', 'active', CURRENT_TIMESTAMP, 'user96@example.com', 2),
    (97, 'https://bootdey.com/img/Content/avatar/avatar6.png', 'a ch 38', CURRENT_TIMESTAMP, '2000-01-01', 'user97@example.com', 'User 97', 'Male', '$2a$10$dWggfT68kLLwbFm/NirJu.e5x5zus6lvO/W.azLFcWE3A5uD9k0dC', '0123456789', 'active', CURRENT_TIMESTAMP, 'user97@example.com', 2),
    (98, 'https://bootdey.com/img/Content/avatar/avatar6.png', 'a ch 39', CURRENT_TIMESTAMP, '2000-01-01', 'user98@example.com', 'User 98', 'Female', '$2a$10$dWggfT68kLLwbFm/NirJu.e5x5zus6lvO/W.azLFcWE3A5uD9k0dC', '0123456789', 'active', CURRENT_TIMESTAMP, 'user98@example.com', 2),
    (99, 'https://bootdey.com/img/Content/avatar/avatar6.png', 'a ch 40', CURRENT_TIMESTAMP, '2000-01-01', 'user99@example.com', 'User 99', 'Male', '$2a$10$dWggfT68kLLwbFm/NirJu.e5x5zus6lvO/W.azLFcWE3A5uD9k0dC', '0123456789', 'active', CURRENT_TIMESTAMP, 'user99@example.com', 2),
    (100, 'https://bootdey.com/img/Content/avatar/avatar6.png', 'a ch 41', CURRENT_TIMESTAMP, '2000-01-01', 'user100@example.com', 'User 100', 'Female', '$2a$10$dWggfT68kLLwbFm/NirJu.e5x5zus6lvO/W.azLFcWE3A5uD9k0dC', '0123456789', 'active', CURRENT_TIMESTAMP, 'user100@example.com', 2),
    (101, 'https://bootdey.com/img/Content/avatar/avatar6.png', 'a ch 42', CURRENT_TIMESTAMP, '2000-01-01', 'user101@example.com', 'User 101', 'Male', '$2a$10$dWggfT68kLLwbFm/NirJu.e5x5zus6lvO/W.azLFcWE3A5uD9k0dC', '0123456789', 'active', CURRENT_TIMESTAMP, 'user101@example.com', 2),
    (102, 'https://bootdey.com/img/Content/avatar/avatar6.png', 'a ch 43', CURRENT_TIMESTAMP, '2000-01-01', 'user102@example.com', 'User 102', 'Female', '$2a$10$dWggfT68kLLwbFm/NirJu.e5x5zus6lvO/W.azLFcWE3A5uD9k0dC', '0123456789', 'active', CURRENT_TIMESTAMP, 'user102@example.com', 2),
    (103, 'https://bootdey.com/img/Content/avatar/avatar6.png', 'a ch 44', CURRENT_TIMESTAMP, '2000-01-01', 'user103@example.com', 'User 103', 'Male', '$2a$10$dWggfT68kLLwbFm/NirJu.e5x5zus6lvO/W.azLFcWE3A5uD9k0dC', '0123456789', 'active', CURRENT_TIMESTAMP, 'user103@example.com', 2),
    (104, 'https://bootdey.com/img/Content/avatar/avatar6.png', 'a ch 45', CURRENT_TIMESTAMP, '2000-01-01', 'user104@example.com', 'User 104', 'Female', '$2a$10$dWggfT68kLLwbFm/NirJu.e5x5zus6lvO/W.azLFcWE3A5uD9k0dC', '0123456789', 'active', CURRENT_TIMESTAMP, 'user104@example.com', 2),
    (105, 'https://bootdey.com/img/Content/avatar/avatar6.png', 'a ch 46', CURRENT_TIMESTAMP, '2000-01-01', 'user105@example.com', 'User 105', 'Male', '$2a$10$dWggfT68kLLwbFm/NirJu.e5x5zus6lvO/W.azLFcWE3A5uD9k0dC', '0123456789', 'active', CURRENT_TIMESTAMP, 'user105@example.com', 2),
    (106, 'https://bootdey.com/img/Content/avatar/avatar6.png', 'a ch 47', CURRENT_TIMESTAMP, '2000-01-01', 'user106@example.com', 'User 106', 'Female', '$2a$10$dWggfT68kLLwbFm/NirJu.e5x5zus6lvO/W.azLFcWE3A5uD9k0dC', '0123456789', 'active', CURRENT_TIMESTAMP, 'user106@example.com', 2),
    (107, 'https://bootdey.com/img/Content/avatar/avatar6.png', 'a ch 48', CURRENT_TIMESTAMP, '2000-01-01', 'user107@example.com', 'User 107', 'Male', '$2a$10$dWggfT68kLLwbFm/NirJu.e5x5zus6lvO/W.azLFcWE3A5uD9k0dC', '0123456789', 'active', CURRENT_TIMESTAMP, 'user107@example.com', 2),
    (108, 'https://bootdey.com/img/Content/avatar/avatar6.png', 'a ch 49', CURRENT_TIMESTAMP, '2000-01-01', 'user108@example.com', 'User 108', 'Female', '$2a$10$dWggfT68kLLwbFm/NirJu.e5x5zus6lvO/W.azLFcWE3A5uD9k0dC', '0123456789', 'active', CURRENT_TIMESTAMP, 'user108@example.com', 2),
    (109, 'https://bootdey.com/img/Content/avatar/avatar6.png', 'a ch 50', CURRENT_TIMESTAMP, '2000-01-01', 'user109@example.com', 'User 109', 'Male', '$2a$10$dWggfT68kLLwbFm/NirJu.e5x5zus6lvO/W.azLFcWE3A5uD9k0dC', '0123456789', 'active', CURRENT_TIMESTAMP, 'user109@example.com', 2),
    (110, 'https://bootdey.com/img/Content/avatar/avatar6.png', 'a ch 51', CURRENT_TIMESTAMP, '2000-01-01', 'user110@example.com', 'User 110', 'Male', '$2a$10$dWggfT68kLLwbFm/NirJu.e5x5zus6lvO/W.azLFcWE3A5uD9k0dC', '0123456789', 'active', CURRENT_TIMESTAMP, 'user110@example.com', 2),
    (111, 'https://bootdey.com/img/Content/avatar/avatar6.png', 'a ch 52', CURRENT_TIMESTAMP, '2000-01-01', 'user111@example.com', 'User 111', 'Female', '$2a$10$dWggfT68kLLwbFm/NirJu.e5x5zus6lvO/W.azLFcWE3A5uD9k0dC', '0123456789', 'active', CURRENT_TIMESTAMP, 'user111@example.com', 2),
    (112, 'https://bootdey.com/img/Content/avatar/avatar6.png', 'a ch 53', CURRENT_TIMESTAMP, '2000-01-01', 'user112@example.com', 'User 112', 'Male', '$2a$10$dWggfT68kLLwbFm/NirJu.e5x5zus6lvO/W.azLFcWE3A5uD9k0dC', '0123456789', 'active', CURRENT_TIMESTAMP, 'user112@example.com', 2),
    (113, 'https://bootdey.com/img/Content/avatar/avatar6.png', 'a ch 54', CURRENT_TIMESTAMP, '2000-01-01', 'user113@example.com', 'User 113', 'Female', '$2a$10$dWggfT68kLLwbFm/NirJu.e5x5zus6lvO/W.azLFcWE3A5uD9k0dC', '0123456789', 'active', CURRENT_TIMESTAMP, 'user113@example.com', 2),
    (114, 'https://bootdey.com/img/Content/avatar/avatar6.png', 'a ch 55', CURRENT_TIMESTAMP, '2000-01-01', 'user114@example.com', 'User 114', 'Male', '$2a$10$dWggfT68kLLwbFm/NirJu.e5x5zus6lvO/W.azLFcWE3A5uD9k0dC', '0123456789', 'active', CURRENT_TIMESTAMP, 'user114@example.com', 2),
    (115, 'https://bootdey.com/img/Content/avatar/avatar6.png', 'a ch 56', CURRENT_TIMESTAMP, '2000-01-01', 'user115@example.com', 'User 115', 'Female', '$2a$10$dWggfT68kLLwbFm/NirJu.e5x5zus6lvO/W.azLFcWE3A5uD9k0dC', '0123456789', 'active', CURRENT_TIMESTAMP, 'user115@example.com', 2),
    (116, 'https://bootdey.com/img/Content/avatar/avatar6.png', 'a ch 57', CURRENT_TIMESTAMP, '2000-01-01', 'user116@example.com', 'User 116', 'Male', '$2a$10$dWggfT68kLLwbFm/NirJu.e5x5zus6lvO/W.azLFcWE3A5uD9k0dC', '0123456789', 'active', CURRENT_TIMESTAMP, 'user116@example.com', 2),
    (117, 'https://bootdey.com/img/Content/avatar/avatar6.png', 'a ch 58', CURRENT_TIMESTAMP, '2000-01-01', 'user117@example.com', 'User 117', 'Female', '$2a$10$dWggfT68kLLwbFm/NirJu.e5x5zus6lvO/W.azLFcWE3A5uD9k0dC', '0123456789', 'active', CURRENT_TIMESTAMP, 'user117@example.com', 2),
    (118, 'https://bootdey.com/img/Content/avatar/avatar6.png', 'a ch 59', CURRENT_TIMESTAMP, '2000-01-01', 'user118@example.com', 'User 118', 'Male', '$2a$10$dWggfT68kLLwbFm/NirJu.e5x5zus6lvO/W.azLFcWE3A5uD9k0dC', '0123456789', 'active', CURRENT_TIMESTAMP, 'user118@example.com', 2),
    (119, 'https://bootdey.com/img/Content/avatar/avatar6.png', 'a ch 60', CURRENT_TIMESTAMP, '2000-01-01', 'user119@example.com', 'User 119', 'Female', '$2a$10$dWggfT68kLLwbFm/NirJu.e5x5zus6lvO/W.azLFcWE3A5uD9k0dC', '0123456789', 'active', CURRENT_TIMESTAMP, 'user119@example.com', 2),
    (120, 'https://bootdey.com/img/Content/avatar/avatar6.png', 'a ch 61', CURRENT_TIMESTAMP, '2000-01-01', 'user120@example.com', 'User 120', 'Male', '$2a$10$dWggfT68kLLwbFm/NirJu.e5x5zus6lvO/W.azLFcWE3A5uD9k0dC', '0123456789', 'active', CURRENT_TIMESTAMP, 'user120@example.com', 2),
    (121, 'https://bootdey.com/img/Content/avatar/avatar6.png', 'a ch 62', CURRENT_TIMESTAMP, '2000-01-01', 'user121@example.com', 'User 121', 'Female', '$2a$10$dWggfT68kLLwbFm/NirJu.e5x5zus6lvO/W.azLFcWE3A5uD9k0dC', '0123456789', 'active', CURRENT_TIMESTAMP, 'user121@example.com', 2),
    (122, 'https://bootdey.com/img/Content/avatar/avatar6.png', 'a ch 63', CURRENT_TIMESTAMP, '2000-01-01', 'user122@example.com', 'User 122', 'Male', '$2a$10$dWggfT68kLLwbFm/NirJu.e5x5zus6lvO/W.azLFcWE3A5uD9k0dC', '0123456789', 'active', CURRENT_TIMESTAMP, 'user122@example.com', 2),
    (123, 'https://bootdey.com/img/Content/avatar/avatar6.png', 'a ch 64', CURRENT_TIMESTAMP, '2000-01-01', 'user123@example.com', 'User 123', 'Female', '$2a$10$dWggfT68kLLwbFm/NirJu.e5x5zus6lvO/W.azLFcWE3A5uD9k0dC', '0123456789', 'active', CURRENT_TIMESTAMP, 'user123@example.com', 2),
    (124, 'https://bootdey.com/img/Content/avatar/avatar6.png', 'a ch 65', CURRENT_TIMESTAMP, '2000-01-01', 'user124@example.com', 'User 124', 'Male', '$2a$10$dWggfT68kLLwbFm/NirJu.e5x5zus6lvO/W.azLFcWE3A5uD9k0dC', '0123456789', 'active', CURRENT_TIMESTAMP, 'user124@example.com', 2),
    (125, 'https://bootdey.com/img/Content/avatar/avatar6.png', 'a ch 66', CURRENT_TIMESTAMP, '2000-01-01', 'user125@example.com', 'User 125', 'Female', '$2a$10$dWggfT68kLLwbFm/NirJu.e5x5zus6lvO/W.azLFcWE3A5uD9k0dC', '0123456789', 'active', CURRENT_TIMESTAMP, 'user125@example.com', 2),
    (126, 'https://bootdey.com/img/Content/avatar/avatar6.png', 'a ch 67', CURRENT_TIMESTAMP, '2000-01-01', 'user126@example.com', 'User 126', 'Male', '$2a$10$dWggfT68kLLwbFm/NirJu.e5x5zus6lvO/W.azLFcWE3A5uD9k0dC', '0123456789', 'active', CURRENT_TIMESTAMP, 'user126@example.com', 2),
    (127, 'https://bootdey.com/img/Content/avatar/avatar6.png', 'a ch 68', CURRENT_TIMESTAMP, '2000-01-01', 'user127@example.com', 'User 127', 'Female', '$2a$10$dWggfT68kLLwbFm/NirJu.e5x5zus6lvO/W.azLFcWE3A5uD9k0dC', '0123456789', 'active', CURRENT_TIMESTAMP, 'user127@example.com', 2),
    (128, 'https://bootdey.com/img/Content/avatar/avatar6.png', 'a ch 69', CURRENT_TIMESTAMP, '2000-01-01', 'user128@example.com', 'User 128', 'Male', '$2a$10$dWggfT68kLLwbFm/NirJu.e5x5zus6lvO/W.azLFcWE3A5uD9k0dC', '0123456789', 'active', CURRENT_TIMESTAMP, 'user128@example.com', 2),
    (129, 'https://bootdey.com/img/Content/avatar/avatar6.png', 'a ch 70', CURRENT_TIMESTAMP, '2000-01-01', 'user129@example.com', 'User 129', 'Female', '$2a$10$dWggfT68kLLwbFm/NirJu.e5x5zus6lvO/W.azLFcWE3A5uD9k0dC', '0123456789', 'active', CURRENT_TIMESTAMP, 'user129@example.com', 2),
    (130, 'https://bootdey.com/img/Content/avatar/avatar6.png', 'a ch 71', CURRENT_TIMESTAMP, '2000-01-01', 'user130@example.com', 'User 130', 'Male', '$2a$10$dWggfT68kLLwbFm/NirJu.e5x5zus6lvO/W.azLFcWE3A5uD9k0dC', '0123456789', 'active', CURRENT_TIMESTAMP, 'user130@example.com', 2),
    (131, 'https://bootdey.com/img/Content/avatar/avatar6.png', 'a ch 72', CURRENT_TIMESTAMP, '2000-01-01', 'user131@example.com', 'User 131', 'Female', '$2a$10$dWggfT68kLLwbFm/NirJu.e5x5zus6lvO/W.azLFcWE3A5uD9k0dC', '0123456789', 'active', CURRENT_TIMESTAMP, 'user131@example.com', 2),
    (132, 'https://bootdey.com/img/Content/avatar/avatar6.png', 'a ch 73', CURRENT_TIMESTAMP, '2000-01-01', 'user132@example.com', 'User 132', 'Male', '$2a$10$dWggfT68kLLwbFm/NirJu.e5x5zus6lvO/W.azLFcWE3A5uD9k0dC', '0123456789', 'active', CURRENT_TIMESTAMP, 'user132@example.com', 2),
    (133, 'https://bootdey.com/img/Content/avatar/avatar6.png', 'a ch 74', CURRENT_TIMESTAMP, '2000-01-01', 'user133@example.com', 'User 133', 'Female', '$2a$10$dWggfT68kLLwbFm/NirJu.e5x5zus6lvO/W.azLFcWE3A5uD9k0dC', '0123456789', 'active', CURRENT_TIMESTAMP, 'user133@example.com', 2),
    (134, 'https://bootdey.com/img/Content/avatar/avatar6.png', 'a ch 75', CURRENT_TIMESTAMP, '2000-01-01', 'user134@example.com', 'User 134', 'Male', '$2a$10$dWggfT68kLLwbFm/NirJu.e5x5zus6lvO/W.azLFcWE3A5uD9k0dC', '0123456789', 'active', CURRENT_TIMESTAMP, 'user134@example.com', 2),
    (135, 'https://bootdey.com/img/Content/avatar/avatar6.png', 'a ch 76', CURRENT_TIMESTAMP, '2000-01-01', 'user135@example.com', 'User 135', 'Female', '$2a$10$dWggfT68kLLwbFm/NirJu.e5x5zus6lvO/W.azLFcWE3A5uD9k0dC', '0123456789', 'active', CURRENT_TIMESTAMP, 'user135@example.com', 2),
    (136, 'https://bootdey.com/img/Content/avatar/avatar6.png', 'a ch 77', CURRENT_TIMESTAMP, '2000-01-01', 'user136@example.com', 'User 136', 'Male', '$2a$10$dWggfT68kLLwbFm/NirJu.e5x5zus6lvO/W.azLFcWE3A5uD9k0dC', '0123456789', 'active', CURRENT_TIMESTAMP, 'user136@example.com', 2),
    (137, 'https://bootdey.com/img/Content/avatar/avatar6.png', 'a ch 78', CURRENT_TIMESTAMP, '2000-01-01', 'user137@example.com', 'User 137', 'Female', '$2a$10$dWggfT68kLLwbFm/NirJu.e5x5zus6lvO/W.azLFcWE3A5uD9k0dC', '0123456789', 'active', CURRENT_TIMESTAMP, 'user137@example.com', 2),
    (138, 'https://bootdey.com/img/Content/avatar/avatar6.png', 'a ch 79', CURRENT_TIMESTAMP, '2000-01-01', 'user138@example.com', 'User 138', 'Male', '$2a$10$dWggfT68kLLwbFm/NirJu.e5x5zus6lvO/W.azLFcWE3A5uD9k0dC', '0123456789', 'active', CURRENT_TIMESTAMP, 'user138@example.com', 2),
    (139, 'https://bootdey.com/img/Content/avatar/avatar6.png', 'a ch 80', CURRENT_TIMESTAMP, '2000-01-01', 'user139@example.com', 'User 139', 'Female', '$2a$10$dWggfT68kLLwbFm/NirJu.e5x5zus6lvO/W.azLFcWE3A5uD9k0dC', '0123456789', 'active', CURRENT_TIMESTAMP, 'user139@example.com', 2),
    (140, 'https://bootdey.com/img/Content/avatar/avatar6.png', 'a ch 81', CURRENT_TIMESTAMP, '2000-01-01', 'user140@example.com', 'User 140', 'Male', '$2a$10$dWggfT68kLLwbFm/NirJu.e5x5zus6lvO/W.azLFcWE3A5uD9k0dC', '0123456789', 'active', CURRENT_TIMESTAMP, 'user140@example.com', 2),
    (141, 'https://bootdey.com/img/Content/avatar/avatar6.png', 'a ch 82', CURRENT_TIMESTAMP, '2000-01-01', 'user141@example.com', 'User 141', 'Female', '$2a$10$dWggfT68kLLwbFm/NirJu.e5x5zus6lvO/W.azLFcWE3A5uD9k0dC', '0123456789', 'active', CURRENT_TIMESTAMP, 'user141@example.com', 2),
    (142, 'https://bootdey.com/img/Content/avatar/avatar6.png', 'a ch 83', CURRENT_TIMESTAMP, '2000-01-01', 'user142@example.com', 'User 142', 'Male', '$2a$10$dWggfT68kLLwbFm/NirJu.e5x5zus6lvO/W.azLFcWE3A5uD9k0dC', '0123456789', 'active', CURRENT_TIMESTAMP, 'user142@example.com', 2),
    (143, 'https://bootdey.com/img/Content/avatar/avatar6.png', 'a ch 84', CURRENT_TIMESTAMP, '2000-01-01', 'user143@example.com', 'User 143', 'Female', '$2a$10$dWggfT68kLLwbFm/NirJu.e5x5zus6lvO/W.azLFcWE3A5uD9k0dC', '0123456789', 'active', CURRENT_TIMESTAMP, 'user143@example.com', 2),
    (144, 'https://bootdey.com/img/Content/avatar/avatar6.png', 'a ch 85', CURRENT_TIMESTAMP, '2000-01-01', 'user144@example.com', 'User 144', 'Male', '$2a$10$dWggfT68kLLwbFm/NirJu.e5x5zus6lvO/W.azLFcWE3A5uD9k0dC', '0123456789', 'active', CURRENT_TIMESTAMP, 'user144@example.com', 2),
    (145, 'https://bootdey.com/img/Content/avatar/avatar6.png', 'a ch 86', CURRENT_TIMESTAMP, '2000-01-01', 'user145@example.com', 'User 145', 'Female', '$2a$10$dWggfT68kLLwbFm/NirJu.e5x5zus6lvO/W.azLFcWE3A5uD9k0dC', '0123456789', 'active', CURRENT_TIMESTAMP, 'user145@example.com', 2),
    (146, 'https://bootdey.com/img/Content/avatar/avatar6.png', 'a ch 87', CURRENT_TIMESTAMP, '2000-01-01', 'user146@example.com', 'User 146', 'Male', '$2a$10$dWggfT68kLLwbFm/NirJu.e5x5zus6lvO/W.azLFcWE3A5uD9k0dC', '0123456789', 'active', CURRENT_TIMESTAMP, 'user146@example.com', 2),
    (147, 'https://bootdey.com/img/Content/avatar/avatar6.png', 'a ch 88', CURRENT_TIMESTAMP, '2000-01-01', 'user147@example.com', 'User 147', 'Female', '$2a$10$dWggfT68kLLwbFm/NirJu.e5x5zus6lvO/W.azLFcWE3A5uD9k0dC', '0123456789', 'active', CURRENT_TIMESTAMP, 'user147@example.com', 2),
    (148, 'https://bootdey.com/img/Content/avatar/avatar6.png', 'a ch 89', CURRENT_TIMESTAMP, '2000-01-01', 'user148@example.com', 'User 148', 'Male', '$2a$10$dWggfT68kLLwbFm/NirJu.e5x5zus6lvO/W.azLFcWE3A5uD9k0dC', '0123456789', 'active', CURRENT_TIMESTAMP, 'user148@example.com', 2),
    (149, 'https://bootdey.com/img/Content/avatar/avatar6.png', 'a ch 90', CURRENT_TIMESTAMP, '2000-01-01', 'user149@example.com', 'User 149', 'Female', '$2a$10$dWggfT68kLLwbFm/NirJu.e5x5zus6lvO/W.azLFcWE3A5uD9k0dC', '0123456789', 'active', CURRENT_TIMESTAMP, 'user149@example.com', 2),
    (150, 'https://bootdey.com/img/Content/avatar/avatar6.png', 'a ch 91', CURRENT_TIMESTAMP, '2000-01-01', 'user150@example.com', 'User 150', 'Male', '$2a$10$dWggfT68kLLwbFm/NirJu.e5x5zus6lvO/W.azLFcWE3A5uD9k0dC', '0123456789', 'active', CURRENT_TIMESTAMP, 'user150@example.com', 2),
    (151, 'https://bootdey.com/img/Content/avatar/avatar6.png', 'a ch 92', CURRENT_TIMESTAMP, '2000-01-01', 'user151@example.com', 'User 151', 'Female', '$2a$10$dWggfT68kLLwbFm/NirJu.e5x5zus6lvO/W.azLFcWE3A5uD9k0dC', '0123456789', 'active', CURRENT_TIMESTAMP, 'user151@example.com', 2),
    (152, 'https://bootdey.com/img/Content/avatar/avatar6.png', 'a ch 93', CURRENT_TIMESTAMP, '2000-01-01', 'user152@example.com', 'User 152', 'Male', '$2a$10$dWggfT68kLLwbFm/NirJu.e5x5zus6lvO/W.azLFcWE3A5uD9k0dC', '0123456789', 'active', CURRENT_TIMESTAMP, 'user152@example.com', 2),
    (153, 'https://bootdey.com/img/Content/avatar/avatar6.png', 'a ch 94', CURRENT_TIMESTAMP, '2000-01-01', 'user153@example.com', 'User 153', 'Female', '$2a$10$dWggfT68kLLwbFm/NirJu.e5x5zus6lvO/W.azLFcWE3A5uD9k0dC', '0123456789', 'active', CURRENT_TIMESTAMP, 'user153@example.com', 2),
    (154, 'https://bootdey.com/img/Content/avatar/avatar6.png', 'a ch 95', CURRENT_TIMESTAMP, '2000-01-01', 'user154@example.com', 'User 154', 'Male', '$2a$10$dWggfT68kLLwbFm/NirJu.e5x5zus6lvO/W.azLFcWE3A5uD9k0dC', '0123456789', 'active', CURRENT_TIMESTAMP, 'user154@example.com', 2),
    (155, 'https://bootdey.com/img/Content/avatar/avatar6.png', 'a ch 96', CURRENT_TIMESTAMP, '2000-01-01', 'user155@example.com', 'User 155', 'Female', '$2a$10$dWggfT68kLLwbFm/NirJu.e5x5zus6lvO/W.azLFcWE3A5uD9k0dC', '0123456789', 'active', CURRENT_TIMESTAMP, 'user155@example.com', 2),
    (156, 'https://bootdey.com/img/Content/avatar/avatar6.png', 'a ch 97', CURRENT_TIMESTAMP, '2000-01-01', 'user156@example.com', 'User 156', 'Male', '$2a$10$dWggfT68kLLwbFm/NirJu.e5x5zus6lvO/W.azLFcWE3A5uD9k0dC', '0123456789', 'active', CURRENT_TIMESTAMP, 'user156@example.com', 2),
    (157, 'https://bootdey.com/img/Content/avatar/avatar6.png', 'a ch 98', CURRENT_TIMESTAMP, '2000-01-01', 'user157@example.com', 'User 157', 'Female', '$2a$10$dWggfT68kLLwbFm/NirJu.e5x5zus6lvO/W.azLFcWE3A5uD9k0dC', '0123456789', 'active', CURRENT_TIMESTAMP, 'user157@example.com', 2),
    (158, 'https://bootdey.com/img/Content/avatar/avatar6.png', 'a ch 99', CURRENT_TIMESTAMP, '2000-01-01', 'user158@example.com', 'User 158', 'Male', '$2a$10$dWggfT68kLLwbFm/NirJu.e5x5zus6lvO/W.azLFcWE3A5uD9k0dC', '0123456789', 'active', CURRENT_TIMESTAMP, 'user158@example.com', 2),
    (159, 'https://bootdey.com/img/Content/avatar/avatar6.png', 'a ch 100', CURRENT_TIMESTAMP, '2000-01-01', 'user159@example.com', 'User 159', 'Female', '$2a$10$dWggfT68kLLwbFm/NirJu.e5x5zus6lvO/W.azLFcWE3A5uD9k0dC', '0123456789', 'active', CURRENT_TIMESTAMP, 'user159@example.com', 2),
    (160, 'https://bootdey.com/img/Content/avatar/avatar6.png', 'a ch 101', CURRENT_TIMESTAMP, '2000-01-01', 'user160@example.com', 'User 160', 'Male', '$2a$10$dWggfT68kLLwbFm/NirJu.e5x5zus6lvO/W.azLFcWE3A5uD9k0dC', '0123456789', 'active', CURRENT_TIMESTAMP, 'user160@example.com', 2),
    (161, 'https://bootdey.com/img/Content/avatar/avatar6.png', 'a ch 102', CURRENT_TIMESTAMP, '2000-01-01', 'user161@example.com', 'User 161', 'Female', '$2a$10$dWggfT68kLLwbFm/NirJu.e5x5zus6lvO/W.azLFcWE3A5uD9k0dC', '0123456789', 'active', CURRENT_TIMESTAMP, 'user161@example.com', 2),
    (162, 'https://bootdey.com/img/Content/avatar/avatar6.png', 'a ch 103', CURRENT_TIMESTAMP, '2000-01-01', 'user162@example.com', 'User 162', 'Male', '$2a$10$dWggfT68kLLwbFm/NirJu.e5x5zus6lvO/W.azLFcWE3A5uD9k0dC', '0123456789', 'active', CURRENT_TIMESTAMP, 'user162@example.com', 2),
    (163, 'https://bootdey.com/img/Content/avatar/avatar6.png', 'a ch 104', CURRENT_TIMESTAMP, '2000-01-01', 'user163@example.com', 'User 163', 'Female', '$2a$10$dWggfT68kLLwbFm/NirJu.e5x5zus6lvO/W.azLFcWE3A5uD9k0dC', '0123456789', 'active', CURRENT_TIMESTAMP, 'user163@example.com', 2),
    (164, 'https://bootdey.com/img/Content/avatar/avatar6.png', 'a ch 105', CURRENT_TIMESTAMP, '2000-01-01', 'user164@example.com', 'User 164', 'Male', '$2a$10$dWggfT68kLLwbFm/NirJu.e5x5zus6lvO/W.azLFcWE3A5uD9k0dC', '0123456789', 'active', CURRENT_TIMESTAMP, 'user164@example.com', 2),
    (165, 'https://bootdey.com/img/Content/avatar/avatar6.png', 'a ch 106', CURRENT_TIMESTAMP, '2000-01-01', 'user165@example.com', 'User 165', 'Female', '$2a$10$dWggfT68kLLwbFm/NirJu.e5x5zus6lvO/W.azLFcWE3A5uD9k0dC', '0123456789', 'active', CURRENT_TIMESTAMP, 'user165@example.com', 2),
    (166, 'https://bootdey.com/img/Content/avatar/avatar6.png', 'a ch 107', CURRENT_TIMESTAMP, '2000-01-01', 'user166@example.com', 'User 166', 'Male', '$2a$10$dWggfT68kLLwbFm/NirJu.e5x5zus6lvO/W.azLFcWE3A5uD9k0dC', '0123456789', 'active', CURRENT_TIMESTAMP, 'user166@example.com', 2),
    (167, 'https://bootdey.com/img/Content/avatar/avatar6.png', 'a ch 108', CURRENT_TIMESTAMP, '2000-01-01', 'user167@example.com', 'User 167', 'Female', '$2a$10$dWggfT68kLLwbFm/NirJu.e5x5zus6lvO/W.azLFcWE3A5uD9k0dC', '0123456789', 'active', CURRENT_TIMESTAMP, 'user167@example.com', 2),
    (168, 'https://bootdey.com/img/Content/avatar/avatar6.png', 'a ch 109', CURRENT_TIMESTAMP, '2000-01-01', 'user168@example.com', 'User 168', 'Male', '$2a$10$dWggfT68kLLwbFm/NirJu.e5x5zus6lvO/W.azLFcWE3A5uD9k0dC', '0123456789', 'active', CURRENT_TIMESTAMP, 'user168@example.com', 2),
    (169, 'https://bootdey.com/img/Content/avatar/avatar6.png', 'a ch 110', CURRENT_TIMESTAMP, '2000-01-01', 'user169@example.com', 'User 169', 'Female', '$2a$10$dWggfT68kLLwbFm/NirJu.e5x5zus6lvO/W.azLFcWE3A5uD9k0dC', '0123456789', 'active', CURRENT_TIMESTAMP, 'user169@example.com', 2),
    (170, 'https://bootdey.com/img/Content/avatar/avatar6.png', 'a ch 111', CURRENT_TIMESTAMP, '2000-01-01', 'user170@example.com', 'User 170', 'Male', '$2a$10$dWggfT68kLLwbFm/NirJu.e5x5zus6lvO/W.azLFcWE3A5uD9k0dC', '0123456789', 'active', CURRENT_TIMESTAMP, 'user170@example.com', 2),
    (171, 'https://bootdey.com/img/Content/avatar/avatar6.png', 'a ch 112', CURRENT_TIMESTAMP, '2000-01-01', 'user171@example.com', 'User 171', 'Female', '$2a$10$dWggfT68kLLwbFm/NirJu.e5x5zus6lvO/W.azLFcWE3A5uD9k0dC', '0123456789', 'active', CURRENT_TIMESTAMP, 'user171@example.com', 2),
    (172, 'https://bootdey.com/img/Content/avatar/avatar6.png', 'a ch 113', CURRENT_TIMESTAMP, '2000-01-01', 'user172@example.com', 'User 172', 'Male', '$2a$10$dWggfT68kLLwbFm/NirJu.e5x5zus6lvO/W.azLFcWE3A5uD9k0dC', '0123456789', 'active', CURRENT_TIMESTAMP, 'user172@example.com', 2),
    (173, 'https://bootdey.com/img/Content/avatar/avatar6.png', 'a ch 114', CURRENT_TIMESTAMP, '2000-01-01', 'user173@example.com', 'User 173', 'Female', '$2a$10$dWggfT68kLLwbFm/NirJu.e5x5zus6lvO/W.azLFcWE3A5uD9k0dC', '0123456789', 'active', CURRENT_TIMESTAMP, 'user173@example.com', 2),
    (174, 'https://bootdey.com/img/Content/avatar/avatar6.png', 'a ch 115', CURRENT_TIMESTAMP, '2000-01-01', 'user174@example.com', 'User 174', 'Male', '$2a$10$dWggfT68kLLwbFm/NirJu.e5x5zus6lvO/W.azLFcWE3A5uD9k0dC', '0123456789', 'active', CURRENT_TIMESTAMP, 'user174@example.com', 2),
    (175, 'https://bootdey.com/img/Content/avatar/avatar6.png', 'a ch 116', CURRENT_TIMESTAMP, '2000-01-01', 'user175@example.com', 'User 175', 'Female', '$2a$10$dWggfT68kLLwbFm/NirJu.e5x5zus6lvO/W.azLFcWE3A5uD9k0dC', '0123456789', 'active', CURRENT_TIMESTAMP, 'user175@example.com', 2),
    (176, 'https://bootdey.com/img/Content/avatar/avatar6.png', 'a ch 117', CURRENT_TIMESTAMP, '2000-01-01', 'user176@example.com', 'User 176', 'Male', '$2a$10$dWggfT68kLLwbFm/NirJu.e5x5zus6lvO/W.azLFcWE3A5uD9k0dC', '0123456789', 'active', CURRENT_TIMESTAMP, 'user176@example.com', 2),
    (177, 'https://bootdey.com/img/Content/avatar/avatar6.png', 'a ch 118', CURRENT_TIMESTAMP, '2000-01-01', 'user177@example.com', 'User 177', 'Female', '$2a$10$dWggfT68kLLwbFm/NirJu.e5x5zus6lvO/W.azLFcWE3A5uD9k0dC', '0123456789', 'active', CURRENT_TIMESTAMP, 'user177@example.com', 2),
    (178, 'https://bootdey.com/img/Content/avatar/avatar6.png', 'a ch 119', CURRENT_TIMESTAMP, '2000-01-01', 'user178@example.com', 'User 178', 'Male', '$2a$10$dWggfT68kLLwbFm/NirJu.e5x5zus6lvO/W.azLFcWE3A5uD9k0dC', '0123456789', 'active', CURRENT_TIMESTAMP, 'user178@example.com', 2),
    (179, 'https://bootdey.com/img/Content/avatar/avatar6.png', 'a ch 120', CURRENT_TIMESTAMP, '2000-01-01', 'user179@example.com', 'User 179', 'Female', '$2a$10$dWggfT68kLLwbFm/NirJu.e5x5zus6lvO/W.azLFcWE3A5uD9k0dC', '0123456789', 'active', CURRENT_TIMESTAMP, 'user179@example.com', 2),
    (180, 'https://bootdey.com/img/Content/avatar/avatar6.png', 'a ch 121', CURRENT_TIMESTAMP, '2000-01-01', 'user180@example.com', 'User 180', 'Male', '$2a$10$dWggfT68kLLwbFm/NirJu.e5x5zus6lvO/W.azLFcWE3A5uD9k0dC', '0123456789', 'active', CURRENT_TIMESTAMP, 'user180@example.com', 2),
    (181, 'https://bootdey.com/img/Content/avatar/avatar6.png', 'a ch 122', CURRENT_TIMESTAMP, '2000-01-01', 'user181@example.com', 'User 181', 'Female', '$2a$10$dWggfT68kLLwbFm/NirJu.e5x5zus6lvO/W.azLFcWE3A5uD9k0dC', '0123456789', 'active', CURRENT_TIMESTAMP, 'user181@example.com', 2),
    (182, 'https://bootdey.com/img/Content/avatar/avatar6.png', 'a ch 123', CURRENT_TIMESTAMP, '2000-01-01', 'user182@example.com', 'User 182', 'Male', '$2a$10$dWggfT68kLLwbFm/NirJu.e5x5zus6lvO/W.azLFcWE3A5uD9k0dC', '0123456789', 'active', CURRENT_TIMESTAMP, 'user182@example.com', 2),
    (183, 'https://bootdey.com/img/Content/avatar/avatar6.png', 'a ch 124', CURRENT_TIMESTAMP, '2000-01-01', 'user183@example.com', 'User 183', 'Female', '$2a$10$dWggfT68kLLwbFm/NirJu.e5x5zus6lvO/W.azLFcWE3A5uD9k0dC', '0123456789', 'active', CURRENT_TIMESTAMP, 'user183@example.com', 2),
    (184, 'https://bootdey.com/img/Content/avatar/avatar6.png', 'a ch 125', CURRENT_TIMESTAMP, '2000-01-01', 'user184@example.com', 'User 184', 'Male', '$2a$10$dWggfT68kLLwbFm/NirJu.e5x5zus6lvO/W.azLFcWE3A5uD9k0dC', '0123456789', 'active', CURRENT_TIMESTAMP, 'user184@example.com', 2),
    (185, 'https://bootdey.com/img/Content/avatar/avatar6.png', 'a ch 126', CURRENT_TIMESTAMP, '2000-01-01', 'user185@example.com', 'User 185', 'Female', '$2a$10$dWggfT68kLLwbFm/NirJu.e5x5zus6lvO/W.azLFcWE3A5uD9k0dC', '0123456789', 'active', CURRENT_TIMESTAMP, 'user185@example.com', 2),
    (186, 'https://bootdey.com/img/Content/avatar/avatar6.png', 'a ch 127', CURRENT_TIMESTAMP, '2000-01-01', 'user186@example.com', 'User 186', 'Male', '$2a$10$dWggfT68kLLwbFm/NirJu.e5x5zus6lvO/W.azLFcWE3A5uD9k0dC', '0123456789', 'active', CURRENT_TIMESTAMP, 'user186@example.com', 2),
    (187, 'https://bootdey.com/img/Content/avatar/avatar6.png', 'a ch 128', CURRENT_TIMESTAMP, '2000-01-01', 'user187@example.com', 'User 187', 'Female', '$2a$10$dWggfT68kLLwbFm/NirJu.e5x5zus6lvO/W.azLFcWE3A5uD9k0dC', '0123456789', 'active', CURRENT_TIMESTAMP, 'user187@example.com', 2),
    (188, 'https://bootdey.com/img/Content/avatar/avatar6.png', 'a ch 129', CURRENT_TIMESTAMP, '2000-01-01', 'user188@example.com', 'User 188', 'Male', '$2a$10$dWggfT68kLLwbFm/NirJu.e5x5zus6lvO/W.azLFcWE3A5uD9k0dC', '0123456789', 'active', CURRENT_TIMESTAMP, 'user188@example.com', 2),
    (189, 'https://bootdey.com/img/Content/avatar/avatar6.png', 'a ch 130', CURRENT_TIMESTAMP, '2000-01-01', 'user189@example.com', 'User 189', 'Female', '$2a$10$dWggfT68kLLwbFm/NirJu.e5x5zus6lvO/W.azLFcWE3A5uD9k0dC', '0123456789', 'active', CURRENT_TIMESTAMP, 'user189@example.com', 2),
    (190, 'https://bootdey.com/img/Content/avatar/avatar6.png', 'a ch 131', CURRENT_TIMESTAMP, '2000-01-01', 'user190@example.com', 'User 190', 'Male', '$2a$10$dWggfT68kLLwbFm/NirJu.e5x5zus6lvO/W.azLFcWE3A5uD9k0dC', '0123456789', 'active', CURRENT_TIMESTAMP, 'user190@example.com', 2),
    (191, 'https://bootdey.com/img/Content/avatar/avatar6.png', 'a ch 132', CURRENT_TIMESTAMP, '2000-01-01', 'user191@example.com', 'User 191', 'Female', '$2a$10$dWggfT68kLLwbFm/NirJu.e5x5zus6lvO/W.azLFcWE3A5uD9k0dC', '0123456789', 'active', CURRENT_TIMESTAMP, 'user191@example.com', 2),
    (192, 'https://bootdey.com/img/Content/avatar/avatar6.png', 'a ch 133', CURRENT_TIMESTAMP, '2000-01-01', 'user192@example.com', 'User 192', 'Male', '$2a$10$dWggfT68kLLwbFm/NirJu.e5x5zus6lvO/W.azLFcWE3A5uD9k0dC', '0123456789', 'active', CURRENT_TIMESTAMP, 'user192@example.com', 2),
    (193, 'https://bootdey.com/img/Content/avatar/avatar6.png', 'a ch 134', CURRENT_TIMESTAMP, '2000-01-01', 'user193@example.com', 'User 193', 'Female', '$2a$10$dWggfT68kLLwbFm/NirJu.e5x5zus6lvO/W.azLFcWE3A5uD9k0dC', '0123456789', 'active', CURRENT_TIMESTAMP, 'user193@example.com', 2),
    (194, 'https://bootdey.com/img/Content/avatar/avatar6.png', 'a ch 135', CURRENT_TIMESTAMP, '2000-01-01', 'user194@example.com', 'User 194', 'Male', '$2a$10$dWggfT68kLLwbFm/NirJu.e5x5zus6lvO/W.azLFcWE3A5uD9k0dC', '0123456789', 'active', CURRENT_TIMESTAMP, 'user194@example.com', 2),
    (195, 'https://bootdey.com/img/Content/avatar/avatar6.png', 'a ch 136', CURRENT_TIMESTAMP, '2000-01-01', 'user195@example.com', 'User 195', 'Female', '$2a$10$dWggfT68kLLwbFm/NirJu.e5x5zus6lvO/W.azLFcWE3A5uD9k0dC', '0123456789', 'active', CURRENT_TIMESTAMP, 'user195@example.com', 2),
    (196, 'https://bootdey.com/img/Content/avatar/avatar6.png', 'a ch 137', CURRENT_TIMESTAMP, '2000-01-01', 'user196@example.com', 'User 196', 'Male', '$2a$10$dWggfT68kLLwbFm/NirJu.e5x5zus6lvO/W.azLFcWE3A5uD9k0dC', '0123456789', 'active', CURRENT_TIMESTAMP, 'user196@example.com', 2),
    (197, 'https://bootdey.com/img/Content/avatar/avatar6.png', 'a ch 138', CURRENT_TIMESTAMP, '2000-01-01', 'user197@example.com', 'User 197', 'Female', '$2a$10$dWggfT68kLLwbFm/NirJu.e5x5zus6lvO/W.azLFcWE3A5uD9k0dC', '0123456789', 'active', CURRENT_TIMESTAMP, 'user197@example.com', 2),
    (198, 'https://bootdey.com/img/Content/avatar/avatar6.png', 'a ch 139', CURRENT_TIMESTAMP, '2000-01-01', 'user198@example.com', 'User 198', 'Male', '$2a$10$dWggfT68kLLwbFm/NirJu.e5x5zus6lvO/W.azLFcWE3A5uD9k0dC', '0123456789', 'active', CURRENT_TIMESTAMP, 'user198@example.com', 2),
    (199, 'https://bootdey.com/img/Content/avatar/avatar6.png', 'a ch 140', CURRENT_TIMESTAMP, '2000-01-01', 'user199@example.com', 'User 199', 'Female', '$2a$10$dWggfT68kLLwbFm/NirJu.e5x5zus6lvO/W.azLFcWE3A5uD9k0dC', '0123456789', 'active', CURRENT_TIMESTAMP, 'user199@example.com', 2),
    (200, 'https://bootdey.com/img/Content/avatar/avatar6.png', 'a ch 141', CURRENT_TIMESTAMP, '2000-01-01', 'user200@example.com', 'User 200', 'Male', '$2a$10$dWggfT68kLLwbFm/NirJu.e5x5zus6lvO/W.azLFcWE3A5uD9k0dC', '0123456789', 'active', CURRENT_TIMESTAMP, 'user200@example.com', 2);
/*!40000 ALTER TABLE `user` ENABLE KEYS */;

UNLOCK
    TABLES;
DROP TABLE IF EXISTS `student_secondary_information`;
/*!40101 SET @saved_cs_client     = @@character_set_client */;
/*!50503 SET character_set_client = utf8mb4 */;
CREATE TABLE student_secondary_information
(
    student_id  BIGINT PRIMARY KEY,
    created_at   DATETIME,
    description VARCHAR(200),
    parent_name VARCHAR(100),
    roll_number VARCHAR(20),
    updated_at  DATETIME,
    user_id     BIGINT,
    FOREIGN KEY (user_id) REFERENCES user (id) ON DELETE CASCADE
);
LOCK
    TABLES `student_secondary_information` WRITE;
INSERT INTO `student_secondary_information` VALUES 
(1,CURRENT_TIMESTAMP,null,null,'HE160497',CURRENT_TIMESTAMP,1),
(2,CURRENT_TIMESTAMP,null,null,'HE120322',CURRENT_TIMESTAMP,2),
(3,CURRENT_TIMESTAMP,null,null,'HE180412',CURRENT_TIMESTAMP,3),
(4,CURRENT_TIMESTAMP,null,null,'HE163232',CURRENT_TIMESTAMP,4),
(5,CURRENT_TIMESTAMP,null,null,'HE174532',CURRENT_TIMESTAMP,5),
(6, CURRENT_TIMESTAMP, null, null, 'HE174533', CURRENT_TIMESTAMP, 10),
(7, CURRENT_TIMESTAMP, null, null, 'HE174534', CURRENT_TIMESTAMP, 11),
(8, CURRENT_TIMESTAMP, null, null, 'HE174535', CURRENT_TIMESTAMP, 12),
(9, CURRENT_TIMESTAMP, null, null, 'HE174536', CURRENT_TIMESTAMP, 13),
(10, CURRENT_TIMESTAMP, null, null, 'HE174537', CURRENT_TIMESTAMP, 14),
(15, CURRENT_TIMESTAMP, NULL, NULL, 'HE160497', CURRENT_TIMESTAMP, 15),
(16, CURRENT_TIMESTAMP, NULL, NULL, 'HE120322', CURRENT_TIMESTAMP, 16),
(17, CURRENT_TIMESTAMP, NULL, NULL, 'HE180412', CURRENT_TIMESTAMP, 17),
(18, CURRENT_TIMESTAMP, NULL, NULL, 'HE163232', CURRENT_TIMESTAMP, 18),
(19, CURRENT_TIMESTAMP, NULL, NULL, 'HE174532', CURRENT_TIMESTAMP, 19),
(20, CURRENT_TIMESTAMP, NULL, NULL, 'HE160497', CURRENT_TIMESTAMP, 20),
(21, CURRENT_TIMESTAMP, NULL, NULL, 'HE120322', CURRENT_TIMESTAMP, 21),
(22, CURRENT_TIMESTAMP, NULL, NULL, 'HE180412', CURRENT_TIMESTAMP, 22),
(23, CURRENT_TIMESTAMP, NULL, NULL, 'HE163232', CURRENT_TIMESTAMP, 23),
(24, CURRENT_TIMESTAMP, NULL, NULL, 'HE174532', CURRENT_TIMESTAMP, 24),
(25, CURRENT_TIMESTAMP, NULL, NULL, 'HE160497', CURRENT_TIMESTAMP, 25),
(26, CURRENT_TIMESTAMP, NULL, NULL, 'HE120322', CURRENT_TIMESTAMP, 26),
(27, CURRENT_TIMESTAMP, NULL, NULL, 'HE180412', CURRENT_TIMESTAMP, 27),
(28, CURRENT_TIMESTAMP, NULL, NULL, 'HE163232', CURRENT_TIMESTAMP, 28),
(29, CURRENT_TIMESTAMP, NULL, NULL, 'HE174532', CURRENT_TIMESTAMP, 29),
(30, CURRENT_TIMESTAMP, NULL, NULL, 'HE160497', CURRENT_TIMESTAMP, 30),
(31, CURRENT_TIMESTAMP, NULL, NULL, 'HE120322', CURRENT_TIMESTAMP, 31),
(32, CURRENT_TIMESTAMP, NULL, NULL, 'HE180412', CURRENT_TIMESTAMP, 32),
(33, CURRENT_TIMESTAMP, NULL, NULL, 'HE163232', CURRENT_TIMESTAMP, 33),
(34, CURRENT_TIMESTAMP, NULL, NULL, 'HE174532', CURRENT_TIMESTAMP, 34),
(35, CURRENT_TIMESTAMP, NULL, NULL, 'HE160497', CURRENT_TIMESTAMP, 35),
(36, CURRENT_TIMESTAMP, NULL, NULL, 'HE120322', CURRENT_TIMESTAMP, 36),
(37, CURRENT_TIMESTAMP, NULL, NULL, 'HE180412', CURRENT_TIMESTAMP, 37),
(38, CURRENT_TIMESTAMP, NULL, NULL, 'HE163232', CURRENT_TIMESTAMP, 38),
(39, CURRENT_TIMESTAMP, NULL, NULL, 'HE174532', CURRENT_TIMESTAMP, 39),
(40, CURRENT_TIMESTAMP, NULL, NULL, 'HE160497', CURRENT_TIMESTAMP, 40),
(41, CURRENT_TIMESTAMP, NULL, NULL, 'HE120322', CURRENT_TIMESTAMP, 41),
(42, CURRENT_TIMESTAMP, NULL, NULL, 'HE180412', CURRENT_TIMESTAMP, 42),
(43, CURRENT_TIMESTAMP, NULL, NULL, 'HE163232', CURRENT_TIMESTAMP, 43),
(44, CURRENT_TIMESTAMP, NULL, NULL, 'HE174532', CURRENT_TIMESTAMP, 44),
(45, CURRENT_TIMESTAMP, NULL, NULL, 'HE160497', CURRENT_TIMESTAMP, 45),
(46, CURRENT_TIMESTAMP, NULL, NULL, 'HE120322', CURRENT_TIMESTAMP, 46),
(47, CURRENT_TIMESTAMP, NULL, NULL, 'HE180412', CURRENT_TIMESTAMP, 47),
(48, CURRENT_TIMESTAMP, NULL, NULL, 'HE163232', CURRENT_TIMESTAMP, 48),
(49, CURRENT_TIMESTAMP, NULL, NULL, 'HE174532', CURRENT_TIMESTAMP, 49),
(50, CURRENT_TIMESTAMP, NULL, NULL, 'HE160497', CURRENT_TIMESTAMP, 50),
 (51, CURRENT_TIMESTAMP, null, null, 'HE160497', CURRENT_TIMESTAMP, 60),
    (52, CURRENT_TIMESTAMP, null, null, 'HE120322', CURRENT_TIMESTAMP, 61),
    (53, CURRENT_TIMESTAMP, null, null, 'HE180412', CURRENT_TIMESTAMP, 62),
    (54, CURRENT_TIMESTAMP, null, null, 'HE163232', CURRENT_TIMESTAMP, 63),
    (55, CURRENT_TIMESTAMP, null, null, 'HE174532', CURRENT_TIMESTAMP, 64),
    (56, CURRENT_TIMESTAMP, null, null, 'HE160497', CURRENT_TIMESTAMP, 65),
    (57, CURRENT_TIMESTAMP, null, null, 'HE120322', CURRENT_TIMESTAMP, 66),
    (58, CURRENT_TIMESTAMP, null, null, 'HE180412', CURRENT_TIMESTAMP, 67),
    (59, CURRENT_TIMESTAMP, null, null, 'HE163232', CURRENT_TIMESTAMP, 68),
    (60, CURRENT_TIMESTAMP, null, null, 'HE174532', CURRENT_TIMESTAMP, 69),
    (61, CURRENT_TIMESTAMP, null, null, 'HE160497', CURRENT_TIMESTAMP, 70),
    (62, CURRENT_TIMESTAMP, null, null, 'HE120322', CURRENT_TIMESTAMP, 71),
    (63, CURRENT_TIMESTAMP, null, null, 'HE180412', CURRENT_TIMESTAMP, 72),
    (64, CURRENT_TIMESTAMP, null, null, 'HE163232', CURRENT_TIMESTAMP, 73),
    (65, CURRENT_TIMESTAMP, null, null, 'HE174532', CURRENT_TIMESTAMP, 74),
    (66, CURRENT_TIMESTAMP, null, null, 'HE160497', CURRENT_TIMESTAMP, 75),
    (67, CURRENT_TIMESTAMP, null, null, 'HE120322', CURRENT_TIMESTAMP, 76),
    (68, CURRENT_TIMESTAMP, null, null, 'HE180412', CURRENT_TIMESTAMP, 77),
    (69, CURRENT_TIMESTAMP, null, null, 'HE163232', CURRENT_TIMESTAMP, 78),
    (70, CURRENT_TIMESTAMP, null, null, 'HE174532', CURRENT_TIMESTAMP, 79),
    (71, CURRENT_TIMESTAMP, null, null, 'HE160497', CURRENT_TIMESTAMP, 80),
    (72, CURRENT_TIMESTAMP, null, null, 'HE120322', CURRENT_TIMESTAMP, 81),
    (73, CURRENT_TIMESTAMP, null, null, 'HE180412', CURRENT_TIMESTAMP, 82),
    (74, CURRENT_TIMESTAMP, null, null, 'HE163232', CURRENT_TIMESTAMP, 83),
    (75, CURRENT_TIMESTAMP, null, null, 'HE174532', CURRENT_TIMESTAMP, 84),
    (76, CURRENT_TIMESTAMP, null, null, 'HE160497', CURRENT_TIMESTAMP, 85),
    (77, CURRENT_TIMESTAMP, null, null, 'HE120322', CURRENT_TIMESTAMP, 86),
    (78, CURRENT_TIMESTAMP, null, null, 'HE180412', CURRENT_TIMESTAMP, 87),
    (79, CURRENT_TIMESTAMP, null, null, 'HE163232', CURRENT_TIMESTAMP, 88),
    (80, CURRENT_TIMESTAMP, null, null, 'HE174532', CURRENT_TIMESTAMP, 89),
    (81, CURRENT_TIMESTAMP, null, null, 'HE160497', CURRENT_TIMESTAMP, 90),
    (82, CURRENT_TIMESTAMP, null, null, 'HE120322', CURRENT_TIMESTAMP, 91),
    (83, CURRENT_TIMESTAMP, null, null, 'HE180412', CURRENT_TIMESTAMP, 92),
    (84, CURRENT_TIMESTAMP, null, null, 'HE163232', CURRENT_TIMESTAMP, 93),
    (85, CURRENT_TIMESTAMP, null, null, 'HE174532', CURRENT_TIMESTAMP, 94),
    (86, CURRENT_TIMESTAMP, null, null, 'HE160497', CURRENT_TIMESTAMP, 95),
    (87, CURRENT_TIMESTAMP, null, null, 'HE120322', CURRENT_TIMESTAMP, 96),
    (88, CURRENT_TIMESTAMP, null, null, 'HE180412', CURRENT_TIMESTAMP, 97),
    (89, CURRENT_TIMESTAMP, null, null, 'HE163232', CURRENT_TIMESTAMP, 98),
    (90, CURRENT_TIMESTAMP, null, null, 'HE174532', CURRENT_TIMESTAMP, 99),
    (91, CURRENT_TIMESTAMP, null, null, 'HE160497', CURRENT_TIMESTAMP, 100),
    (92, CURRENT_TIMESTAMP, null, null, 'HE120322', CURRENT_TIMESTAMP, 101),
    (93, CURRENT_TIMESTAMP, null, null, 'HE180412', CURRENT_TIMESTAMP, 102),
    (94, CURRENT_TIMESTAMP, null, null, 'HE163232', CURRENT_TIMESTAMP, 103),
    (95, CURRENT_TIMESTAMP, null, null, 'HE174532', CURRENT_TIMESTAMP, 104),
    (96, CURRENT_TIMESTAMP, null, null, 'HE160497', CURRENT_TIMESTAMP, 105),
    (97, CURRENT_TIMESTAMP, null, null, 'HE120322', CURRENT_TIMESTAMP, 106),
    (98, CURRENT_TIMESTAMP, null, null, 'HE180412', CURRENT_TIMESTAMP, 107),
    (99, CURRENT_TIMESTAMP, null, null, 'HE163232', CURRENT_TIMESTAMP, 108),
    (100, CURRENT_TIMESTAMP, null, null, 'HE174532', CURRENT_TIMESTAMP, 109),
(101, CURRENT_TIMESTAMP, null, null, 'HE120322', CURRENT_TIMESTAMP, 111),
(102, CURRENT_TIMESTAMP, null, null, 'HE180412', CURRENT_TIMESTAMP, 112),
(103, CURRENT_TIMESTAMP, null, null, 'HE163232', CURRENT_TIMESTAMP, 113),
(104, CURRENT_TIMESTAMP, null, null, 'HE174532', CURRENT_TIMESTAMP, 114),
(105, CURRENT_TIMESTAMP, null, null, 'HE160497', CURRENT_TIMESTAMP, 115),
(106, CURRENT_TIMESTAMP, null, null, 'HE120322', CURRENT_TIMESTAMP, 116),
(107, CURRENT_TIMESTAMP, null, null, 'HE180412', CURRENT_TIMESTAMP, 117),
(108, CURRENT_TIMESTAMP, null, null, 'HE163232', CURRENT_TIMESTAMP, 118),
(109, CURRENT_TIMESTAMP, null, null, 'HE174532', CURRENT_TIMESTAMP, 119),
(110, CURRENT_TIMESTAMP, null, null, 'HE160497', CURRENT_TIMESTAMP, 120),
(111, CURRENT_TIMESTAMP, null, null, 'HE120322', CURRENT_TIMESTAMP, 121),
(112, CURRENT_TIMESTAMP, null, null, 'HE180412', CURRENT_TIMESTAMP, 122),
(113, CURRENT_TIMESTAMP, null, null, 'HE163232', CURRENT_TIMESTAMP, 123),
(114, CURRENT_TIMESTAMP, null, null, 'HE174532', CURRENT_TIMESTAMP, 124),
(115, CURRENT_TIMESTAMP, null, null, 'HE160497', CURRENT_TIMESTAMP, 125),
(116, CURRENT_TIMESTAMP, null, null, 'HE120322', CURRENT_TIMESTAMP, 126),
(117, CURRENT_TIMESTAMP, null, null, 'HE180412', CURRENT_TIMESTAMP, 127),
(118, CURRENT_TIMESTAMP, null, null, 'HE163232', CURRENT_TIMESTAMP, 128),
(119, CURRENT_TIMESTAMP, null, null, 'HE174532', CURRENT_TIMESTAMP, 129),
(120, CURRENT_TIMESTAMP, null, null, 'HE160497', CURRENT_TIMESTAMP, 130),
(121, CURRENT_TIMESTAMP, null, null, 'HE120322', CURRENT_TIMESTAMP, 131),
(122, CURRENT_TIMESTAMP, null, null, 'HE180412', CURRENT_TIMESTAMP, 132),
(123, CURRENT_TIMESTAMP, null, null, 'HE163232', CURRENT_TIMESTAMP, 133),
(124, CURRENT_TIMESTAMP, null, null, 'HE174532', CURRENT_TIMESTAMP, 134),
(125, CURRENT_TIMESTAMP, null, null, 'HE160497', CURRENT_TIMESTAMP, 135),
(126, CURRENT_TIMESTAMP, null, null, 'HE120322', CURRENT_TIMESTAMP, 136),
(127, CURRENT_TIMESTAMP, null, null, 'HE180412', CURRENT_TIMESTAMP, 137),
(128, CURRENT_TIMESTAMP, null, null, 'HE163232', CURRENT_TIMESTAMP, 138),
(129, CURRENT_TIMESTAMP, null, null, 'HE174532', CURRENT_TIMESTAMP, 139),
(130, CURRENT_TIMESTAMP, null, null, 'HE160497', CURRENT_TIMESTAMP, 140),
(131, CURRENT_TIMESTAMP, null, null, 'HE120322', CURRENT_TIMESTAMP, 141),
(132, CURRENT_TIMESTAMP, null, null, 'HE180412', CURRENT_TIMESTAMP, 142),
(133, CURRENT_TIMESTAMP, null, null, 'HE163232', CURRENT_TIMESTAMP, 143),
(134, CURRENT_TIMESTAMP, null, null, 'HE174532', CURRENT_TIMESTAMP, 144),
(135, CURRENT_TIMESTAMP, null, null, 'HE160497', CURRENT_TIMESTAMP, 145),
(136, CURRENT_TIMESTAMP, null, null, 'HE120322', CURRENT_TIMESTAMP, 146),
(137, CURRENT_TIMESTAMP, null, null, 'HE180412', CURRENT_TIMESTAMP, 147),
(138, CURRENT_TIMESTAMP, null, null, 'HE163232', CURRENT_TIMESTAMP, 148),
(139, CURRENT_TIMESTAMP, null, null, 'HE174532', CURRENT_TIMESTAMP, 149),
(150, CURRENT_TIMESTAMP, null, null, 'HE160497', CURRENT_TIMESTAMP, 150),
(151, CURRENT_TIMESTAMP, null, null, 'HE120322', CURRENT_TIMESTAMP, 151),
(152, CURRENT_TIMESTAMP, null, null, 'HE180412', CURRENT_TIMESTAMP, 152),
(153, CURRENT_TIMESTAMP, null, null, 'HE163232', CURRENT_TIMESTAMP, 153),
(154, CURRENT_TIMESTAMP, null, null, 'HE174532', CURRENT_TIMESTAMP, 154),
(155, CURRENT_TIMESTAMP, null, null, 'HE160497', CURRENT_TIMESTAMP, 155),
(156, CURRENT_TIMESTAMP, null, null, 'HE120322', CURRENT_TIMESTAMP, 156),
(157, CURRENT_TIMESTAMP, null, null, 'HE180412', CURRENT_TIMESTAMP, 157),
(158, CURRENT_TIMESTAMP, null, null, 'HE163232', CURRENT_TIMESTAMP, 158),
(159, CURRENT_TIMESTAMP, null, null, 'HE174532', CURRENT_TIMESTAMP, 159),
(160, CURRENT_TIMESTAMP, null, null, 'HE160497', CURRENT_TIMESTAMP, 160),
(161, CURRENT_TIMESTAMP, null, null, 'HE120322', CURRENT_TIMESTAMP, 161),
(162, CURRENT_TIMESTAMP, null, null, 'HE180412', CURRENT_TIMESTAMP, 162),
(163, CURRENT_TIMESTAMP, null, null, 'HE163232', CURRENT_TIMESTAMP, 163),
(164, CURRENT_TIMESTAMP, null, null, 'HE174532', CURRENT_TIMESTAMP, 164),
(165, CURRENT_TIMESTAMP, null, null, 'HE160497', CURRENT_TIMESTAMP, 165),
(166, CURRENT_TIMESTAMP, null, null, 'HE120322', CURRENT_TIMESTAMP, 166),
(167, CURRENT_TIMESTAMP, null, null, 'HE180412', CURRENT_TIMESTAMP, 167),
(168, CURRENT_TIMESTAMP, null, null, 'HE163232', CURRENT_TIMESTAMP, 168),
(169, CURRENT_TIMESTAMP, null, null, 'HE174532', CURRENT_TIMESTAMP, 169),
(170, CURRENT_TIMESTAMP, null, null, 'HE160497', CURRENT_TIMESTAMP, 170),
(171, CURRENT_TIMESTAMP, null, null, 'HE120322', CURRENT_TIMESTAMP, 171),
(172, CURRENT_TIMESTAMP, null, null, 'HE180412', CURRENT_TIMESTAMP, 172),
(173, CURRENT_TIMESTAMP, null, null, 'HE163232', CURRENT_TIMESTAMP, 173),
(174, CURRENT_TIMESTAMP, null, null, 'HE174532', CURRENT_TIMESTAMP, 174),
(175, CURRENT_TIMESTAMP, null, null, 'HE160497', CURRENT_TIMESTAMP, 175),
(176, CURRENT_TIMESTAMP, null, null, 'HE120322', CURRENT_TIMESTAMP, 176),
(177, CURRENT_TIMESTAMP, null, null, 'HE180412', CURRENT_TIMESTAMP, 177),
(178, CURRENT_TIMESTAMP, null, null, 'HE163232', CURRENT_TIMESTAMP, 178),
(179, CURRENT_TIMESTAMP, null, null, 'HE174532', CURRENT_TIMESTAMP, 179),
(180, CURRENT_TIMESTAMP, null, null, 'HE160497', CURRENT_TIMESTAMP, 180),
(181, CURRENT_TIMESTAMP, null, null, 'HE120322', CURRENT_TIMESTAMP, 181),
(182, CURRENT_TIMESTAMP, null, null, 'HE180412', CURRENT_TIMESTAMP, 182),
(183, CURRENT_TIMESTAMP, null, null, 'HE163232', CURRENT_TIMESTAMP, 183),
(184, CURRENT_TIMESTAMP, null, null, 'HE174532', CURRENT_TIMESTAMP, 184),
(185, CURRENT_TIMESTAMP, null, null, 'HE160497', CURRENT_TIMESTAMP, 185),
(186, CURRENT_TIMESTAMP, null, null, 'HE120322', CURRENT_TIMESTAMP, 186),
(187, CURRENT_TIMESTAMP, null, null, 'HE180412', CURRENT_TIMESTAMP, 187),
(188, CURRENT_TIMESTAMP, null, null, 'HE163232', CURRENT_TIMESTAMP, 188),
(189, CURRENT_TIMESTAMP, null, null, 'HE174532', CURRENT_TIMESTAMP, 189),
(190, CURRENT_TIMESTAMP, null, null, 'HE160497', CURRENT_TIMESTAMP, 190),
(191, CURRENT_TIMESTAMP, null, null, 'HE120322', CURRENT_TIMESTAMP, 191),
(192, CURRENT_TIMESTAMP, null, null, 'HE180412', CURRENT_TIMESTAMP, 192),
(193, CURRENT_TIMESTAMP, null, null, 'HE163232', CURRENT_TIMESTAMP, 193),
(194, CURRENT_TIMESTAMP, null, null, 'HE174532', CURRENT_TIMESTAMP, 194),
(195, CURRENT_TIMESTAMP, null, null, 'HE160497', CURRENT_TIMESTAMP, 195),
(196, CURRENT_TIMESTAMP, null, null, 'HE120322', CURRENT_TIMESTAMP, 196),
(197, CURRENT_TIMESTAMP, null, null, 'HE180412', CURRENT_TIMESTAMP, 197),
(198, CURRENT_TIMESTAMP, null, null, 'HE163232', CURRENT_TIMESTAMP, 198),
(199, CURRENT_TIMESTAMP, null, null, 'HE174532', CURRENT_TIMESTAMP, 199),
(200, CURRENT_TIMESTAMP, null, null, 'HE160497', CURRENT_TIMESTAMP, 200);

/*!40000 ALTER TABLE `student_secondary_information` ENABLE KEYS */;
UNLOCK
    TABLES;

DROP TABLE IF EXISTS `manager_secondary_information`;
/*!40101 SET @saved_cs_client     = @@character_set_client */;
/*!50503 SET character_set_client = utf8mb4 */;
CREATE TABLE manager_secondary_information
(
    manager_id  BIGINT PRIMARY KEY,
    created_at  DATETIME,
    building_id  bigint ,
    description VARCHAR(200),
    updated_at  DATETIME,
    user_id     BIGINT,
    FOREIGN KEY (building_id) REFERENCES building (building_id) ON DELETE CASCADE,
    FOREIGN KEY (user_id) REFERENCES user (id) ON DELETE CASCADE
);
LOCK
    TABLES `manager_secondary_information` WRITE;
INSERT INTO `manager_secondary_information` VALUES (1,CURRENT_TIMESTAMP,1,null,CURRENT_TIMESTAMP,7),
                                                   (2,CURRENT_TIMESTAMP,2,null,CURRENT_TIMESTAMP,8),
                                                   (3,CURRENT_TIMESTAMP,3,null,CURRENT_TIMESTAMP,9);
/*!40000 ALTER TABLE `manager_secondary_information` ENABLE KEYS */;
UNLOCK
    TABLES;
DROP TABLE IF EXISTS `admin_secondary_information`;
/*!40101 SET @saved_cs_client     = @@character_set_client */;
/*!50503 SET character_set_client = utf8mb4 */;
CREATE TABLE admin_secondary_information
(
    admin_id    BIGINT PRIMARY KEY,
    department  VARCHAR(200),
    created_at  DATETIME,
    description VARCHAR(200),
    updated_at  DATETIME,
    user_id     BIGINT,
    FOREIGN KEY (user_id) REFERENCES user (id) ON DELETE CASCADE
);
LOCK
    TABLES `admin_secondary_information` WRITE;
INSERT INTO `admin_secondary_information` VALUES (1,'Phng Qun l KTX',CURRENT_TIMESTAMP,null,CURRENT_TIMESTAMP,6);
/*!40000 ALTER TABLE `admin_secondary_information` ENABLE KEYS */;
UNLOCK
    TABLES;
    DROP TABLE IF EXISTS `bed_booked`;
    /*!40101 SET @saved_cs_client     = @@character_set_client */;
/*!50503 SET character_set_client = utf8mb4 */;
CREATE TABLE bed_booked(
	bed_booked_id bigint Primary key,
	bed_id bigint,
    semester_id bigint,
    student_id bigint,
    status varchar(50),
    created_at  DATETIME,
    updated_at  DATETIME,
    amount_subvention float default 0,
    FOREIGN KEY (bed_id) REFERENCES bed (bed_id) ON DELETE CASCADE,
    FOREIGN KEY (student_id) REFERENCES student_secondary_information (student_id) ON DELETE CASCADE,
    FOREIGN KEY (semester_id) REFERENCES semester (semester_id) ON DELETE CASCADE
);
LOCK
    TABLES `bed_booked` WRITE;
INSERT INTO `bed_booked` VALUES (1,1,2,1,'accepted',CURRENT_TIMESTAMP,CURRENT_TIMESTAMP,0),
								(2,2,2,2,'rejected',CURRENT_TIMESTAMP,CURRENT_TIMESTAMP,0),
                                (3, 3, 2, 15, 'accepted', CURRENT_TIMESTAMP, CURRENT_TIMESTAMP, 0),
    (4, 4, 2, 16, 'accepted', CURRENT_TIMESTAMP, CURRENT_TIMESTAMP, 0),
    (5, 5, 2, 17, 'accepted', CURRENT_TIMESTAMP, CURRENT_TIMESTAMP, 0),
    (6, 6, 2, 18, 'accepted', CURRENT_TIMESTAMP, CURRENT_TIMESTAMP, 0),
    (7, 7, 2, 19, 'accepted', CURRENT_TIMESTAMP, CURRENT_TIMESTAMP, 0),
    (8, 8, 2, 20, 'accepted', CURRENT_TIMESTAMP, CURRENT_TIMESTAMP, 0),
    (9, 9, 2, 21, 'accepted', CURRENT_TIMESTAMP, CURRENT_TIMESTAMP, 0),
    (10, 10, 2, 22, 'accepted', CURRENT_TIMESTAMP, CURRENT_TIMESTAMP, 0),
    (11, 11, 2, 23, 'accepted', CURRENT_TIMESTAMP, CURRENT_TIMESTAMP, 0),
    (12, 12, 2, 24, 'accepted', CURRENT_TIMESTAMP, CURRENT_TIMESTAMP, 0),
    (13, 13, 2, 25, 'accepted', CURRENT_TIMESTAMP, CURRENT_TIMESTAMP, 0),
    (14, 14, 2, 26, 'accepted', CURRENT_TIMESTAMP, CURRENT_TIMESTAMP, 0),
    (15, 15, 2, 27, 'accepted', CURRENT_TIMESTAMP, CURRENT_TIMESTAMP, 0),
    (16, 16, 2, 28, 'accepted', CURRENT_TIMESTAMP, CURRENT_TIMESTAMP, 0),
    (17, 17, 2, 29, 'accepted', CURRENT_TIMESTAMP, CURRENT_TIMESTAMP, 0),
    (18, 18, 2, 30, 'accepted', CURRENT_TIMESTAMP, CURRENT_TIMESTAMP, 0),
    (19, 19, 2, 31, 'accepted', CURRENT_TIMESTAMP, CURRENT_TIMESTAMP, 0),
    (20, 20, 2, 32, 'accepted', CURRENT_TIMESTAMP, CURRENT_TIMESTAMP, 0),
    (21, 21, 2, 33, 'accepted', CURRENT_TIMESTAMP, CURRENT_TIMESTAMP, 0),
    (22, 22, 2, 34, 'accepted', CURRENT_TIMESTAMP, CURRENT_TIMESTAMP, 0),
    (23, 23, 2, 35, 'accepted', CURRENT_TIMESTAMP, CURRENT_TIMESTAMP, 0),
    (24, 24, 2, 36, 'accepted', CURRENT_TIMESTAMP, CURRENT_TIMESTAMP, 0),
    (25, 25, 2, 37, 'accepted', CURRENT_TIMESTAMP, CURRENT_TIMESTAMP, 0),
    (26, 26, 2, 38, 'accepted', CURRENT_TIMESTAMP, CURRENT_TIMESTAMP, 0),
    (27, 27, 2, 39, 'accepted', CURRENT_TIMESTAMP, CURRENT_TIMESTAMP, 0),
    (28, 28, 2, 40, 'accepted', CURRENT_TIMESTAMP, CURRENT_TIMESTAMP, 0),
    (29, 29, 2, 41, 'accepted', CURRENT_TIMESTAMP, CURRENT_TIMESTAMP, 0),
    (30, 30, 2, 42, 'accepted', CURRENT_TIMESTAMP, CURRENT_TIMESTAMP, 0),
    (31, 31, 2, 43, 'accepted', CURRENT_TIMESTAMP, CURRENT_TIMESTAMP, 0),
    (32, 32, 2, 44, 'accepted', CURRENT_TIMESTAMP, CURRENT_TIMESTAMP, 0),
    (33, 33, 2, 45, 'accepted', CURRENT_TIMESTAMP, CURRENT_TIMESTAMP, 0),
    (34, 34, 2, 46, 'on checkin', CURRENT_TIMESTAMP, CURRENT_TIMESTAMP, 0),
    (35, 35, 2, 47, 'on checkin', CURRENT_TIMESTAMP, CURRENT_TIMESTAMP, 0),
    (36, 36, 2, 48, 'on checkin', CURRENT_TIMESTAMP, CURRENT_TIMESTAMP, 0),
    (37, 37, 2, 49, 'on checkin', CURRENT_TIMESTAMP, CURRENT_TIMESTAMP, 0),
    (38, 38, 2, 50, 'on checkin', CURRENT_TIMESTAMP, CURRENT_TIMESTAMP, 0),
    (39, 39, 2, 51, 'on checkin', CURRENT_TIMESTAMP, CURRENT_TIMESTAMP, 0),
    (40, 40, 2, 52, 'on checkin', CURRENT_TIMESTAMP, CURRENT_TIMESTAMP, 0),
    (41, 41, 2, 53, 'on checkin', CURRENT_TIMESTAMP, CURRENT_TIMESTAMP, 0),
    (42, 42, 2, 54, 'on checkin', CURRENT_TIMESTAMP, CURRENT_TIMESTAMP, 0),
    (43, 43, 2, 55, 'on checkin', CURRENT_TIMESTAMP, CURRENT_TIMESTAMP, 0),
    (44, 44, 2, 56, 'on checkin', CURRENT_TIMESTAMP, CURRENT_TIMESTAMP, 0),
    (45, 45, 2, 57, 'on checkin', CURRENT_TIMESTAMP, CURRENT_TIMESTAMP, 0),
    (46, 46, 2, 58, 'on checkin', CURRENT_TIMESTAMP, CURRENT_TIMESTAMP, 0),
    (47, 47, 2, 59, 'on checkin', CURRENT_TIMESTAMP, CURRENT_TIMESTAMP, 0),
    (48, 48, 2, 60, 'on checkin', CURRENT_TIMESTAMP, CURRENT_TIMESTAMP, 0),
    (49, 49, 2, 61, 'on checkin', CURRENT_TIMESTAMP, CURRENT_TIMESTAMP, 0),
    (50, 50, 2, 62, 'on checkin', CURRENT_TIMESTAMP, CURRENT_TIMESTAMP, 0),
    (51, 51, 2, 63, 'on checkin', CURRENT_TIMESTAMP, CURRENT_TIMESTAMP, 0),
    (52, 52, 2, 64, 'on checkin', CURRENT_TIMESTAMP, CURRENT_TIMESTAMP, 0),
    (53, 53, 2, 65, 'on checkin', CURRENT_TIMESTAMP, CURRENT_TIMESTAMP, 0),
    (54, 54, 2, 66, 'on checkin', CURRENT_TIMESTAMP, CURRENT_TIMESTAMP, 0),
    (55, 55, 2, 67, 'on checkin', CURRENT_TIMESTAMP, CURRENT_TIMESTAMP, 0),
    (56, 56, 2, 68, 'on checkin', CURRENT_TIMESTAMP, CURRENT_TIMESTAMP, 0),
    (57, 57, 2, 69, 'on checkin', CURRENT_TIMESTAMP, CURRENT_TIMESTAMP, 0),
    (58, 58, 2, 70, 'on checkin', CURRENT_TIMESTAMP, CURRENT_TIMESTAMP, 0),
    (59, 59, 2, 71, 'on checkin', CURRENT_TIMESTAMP, CURRENT_TIMESTAMP, 0),
    (60, 60, 2, 72, 'on checkin', CURRENT_TIMESTAMP, CURRENT_TIMESTAMP, 0),
    (61, 61, 2, 73, 'on checkin', CURRENT_TIMESTAMP, CURRENT_TIMESTAMP, 0),
    (62, 62, 2, 74, 'on checkin', CURRENT_TIMESTAMP, CURRENT_TIMESTAMP, 0),
    (63, 63, 2, 75, 'on checkin', CURRENT_TIMESTAMP, CURRENT_TIMESTAMP, 0),
    (64, 64, 2, 76, 'on checkin', CURRENT_TIMESTAMP, CURRENT_TIMESTAMP, 0),
    (65, 65, 2, 77, 'on checkin', CURRENT_TIMESTAMP, CURRENT_TIMESTAMP, 0),
    (66, 66, 2, 78, 'on checkin', CURRENT_TIMESTAMP, CURRENT_TIMESTAMP, 0),
     (67, 67, 3, 79, 'on checkout', CURRENT_TIMESTAMP, CURRENT_TIMESTAMP, 0),
    (68, 68, 3, 80, 'on checkout', CURRENT_TIMESTAMP, CURRENT_TIMESTAMP, 0),
    (69, 69, 3, 81, 'on checkout', CURRENT_TIMESTAMP, CURRENT_TIMESTAMP, 0),
    (70, 70, 3, 82, 'on checkout', CURRENT_TIMESTAMP, CURRENT_TIMESTAMP, 0),
    (71, 71, 3, 83, 'on checkout', CURRENT_TIMESTAMP, CURRENT_TIMESTAMP, 0),
    (72, 72, 3, 84, 'on checkout', CURRENT_TIMESTAMP, CURRENT_TIMESTAMP, 0),
    (73, 73, 3, 85, 'on checkout', CURRENT_TIMESTAMP, CURRENT_TIMESTAMP, 0),
    (74, 74, 3, 86, 'on checkout', CURRENT_TIMESTAMP, CURRENT_TIMESTAMP, 0),
    (75, 75, 3, 87, 'on checkout', CURRENT_TIMESTAMP, CURRENT_TIMESTAMP, 0),
    (76, 76, 3, 88, 'on checkout', CURRENT_TIMESTAMP, CURRENT_TIMESTAMP, 0),
    (77, 77, 3, 89, 'on checkout', CURRENT_TIMESTAMP, CURRENT_TIMESTAMP, 0),
    (78, 78, 3, 90, 'on checkout', CURRENT_TIMESTAMP, CURRENT_TIMESTAMP, 0),
    (79, 79, 3, 91, 'on checkout', CURRENT_TIMESTAMP, CURRENT_TIMESTAMP, 0),
    (80, 80, 3, 92, 'on checkout', CURRENT_TIMESTAMP, CURRENT_TIMESTAMP, 0),
    (81, 81, 3, 93, 'on checkout', CURRENT_TIMESTAMP, CURRENT_TIMESTAMP, 0),
    (82, 82, 3, 94, 'on checkout', CURRENT_TIMESTAMP, CURRENT_TIMESTAMP, 0),
    (83, 83, 3, 95, 'on checkout', CURRENT_TIMESTAMP, CURRENT_TIMESTAMP, 0),
    (84, 84, 3, 96, 'on checkout', CURRENT_TIMESTAMP, CURRENT_TIMESTAMP, 0),
    (85, 85, 3, 97, 'on checkout', CURRENT_TIMESTAMP, CURRENT_TIMESTAMP, 0),
    (86, 86, 3, 98, 'on checkout', CURRENT_TIMESTAMP, CURRENT_TIMESTAMP, 0),
    (87, 87, 3, 99, 'on checkout', CURRENT_TIMESTAMP, CURRENT_TIMESTAMP, 0),
    (88, 88, 3, 100, 'on checkout', CURRENT_TIMESTAMP, CURRENT_TIMESTAMP, 0),
    (89, 89, 3, 101, 'on checkout', CURRENT_TIMESTAMP, CURRENT_TIMESTAMP, 0),
    (90, 90, 3, 102, 'on checkout', CURRENT_TIMESTAMP, CURRENT_TIMESTAMP, 0),
    (91, 91, 3, 103, 'on checkout', CURRENT_TIMESTAMP, CURRENT_TIMESTAMP, 0),
    (92, 92, 3, 104, 'on checkout', CURRENT_TIMESTAMP, CURRENT_TIMESTAMP, 0),
    (93, 93, 3, 105, 'on checkout', CURRENT_TIMESTAMP, CURRENT_TIMESTAMP, 0),
    (94, 94, 3, 106, 'on checkout', CURRENT_TIMESTAMP, CURRENT_TIMESTAMP, 0),
    (95, 95, 3, 107, 'on checkout', CURRENT_TIMESTAMP, CURRENT_TIMESTAMP, 0),
    (96, 96, 3, 108, 'on checkout', CURRENT_TIMESTAMP, CURRENT_TIMESTAMP, 0),
    (97, 97, 3, 109, 'on checkout', CURRENT_TIMESTAMP, CURRENT_TIMESTAMP, 0),
    (98, 98, 3, 110, 'on checkout', CURRENT_TIMESTAMP, CURRENT_TIMESTAMP, 0),
    (99, 99, 3, 111, 'on checkout', CURRENT_TIMESTAMP, CURRENT_TIMESTAMP, 0),
    (100, 100, 3, 112, 'on checkout', CURRENT_TIMESTAMP, CURRENT_TIMESTAMP, 0);
    
/*!40000 ALTER TABLE `bed_booked` ENABLE KEYS */;
UNLOCK
    TABLES;
    DROP TABLE IF EXISTS `electric_water_used`;
    CREATE TABLE electric_water_used(
	electric_water_used_id bigint Primary key auto_increment,
	room_id bigint,
    semester_id bigint,
    month_index int,
	year_index int,
    electric_old bigint,
    water_old  bigint,
	electric_new bigint,
    water_new  bigint,
    created_at datetime,
    updated_at datetime,
    FOREIGN KEY (room_id) REFERENCES room (room_id) ON DELETE CASCADE,
    FOREIGN KEY (semester_id) REFERENCES semester (semester_id) ON DELETE CASCADE
);
INSERT INTO electric_water_used (room_id, semester_id, month_index, year_index, electric_old, water_old, electric_new, water_new, created_at, updated_at)
VALUES 
(1, 2, 1, 2024, NULL, NULL, 20, 30, CURRENT_TIMESTAMP, CURRENT_TIMESTAMP),
(2, 2, 1, 2024, NULL, NULL, 25, 35, CURRENT_TIMESTAMP, CURRENT_TIMESTAMP),
(3, 2, 1, 2024, NULL, NULL, 15, 25, CURRENT_TIMESTAMP, CURRENT_TIMESTAMP),
(4, 2, 1, 2024, NULL, NULL, 30, 40, CURRENT_TIMESTAMP, CURRENT_TIMESTAMP),
(5, 2, 1, 2024, NULL, NULL, 35, 45, CURRENT_TIMESTAMP, CURRENT_TIMESTAMP),
(6, 2, 1, 2024, NULL, NULL, 10, 20, CURRENT_TIMESTAMP, CURRENT_TIMESTAMP),
(7, 2, 1, 2024, NULL, NULL, 40, 50, CURRENT_TIMESTAMP, CURRENT_TIMESTAMP),
(8, 2, 1, 2024, NULL, NULL, 5, 15, CURRENT_TIMESTAMP, CURRENT_TIMESTAMP),
(9, 2, 1, 2024, NULL, NULL, 45, 10, CURRENT_TIMESTAMP, CURRENT_TIMESTAMP),
(10, 2, 1, 2024, NULL, NULL, 50, 5, CURRENT_TIMESTAMP, CURRENT_TIMESTAMP),
(11, 2, 1, 2024, NULL, NULL, 22, 32, CURRENT_TIMESTAMP, CURRENT_TIMESTAMP),
(12, 2, 1, 2024, NULL, NULL, 26, 36, CURRENT_TIMESTAMP, CURRENT_TIMESTAMP),
(13, 2, 1, 2024, NULL, NULL, 17, 27, CURRENT_TIMESTAMP, CURRENT_TIMESTAMP),
(14, 2, 1, 2024, NULL, NULL, 33, 43, CURRENT_TIMESTAMP, CURRENT_TIMESTAMP),
(15, 2, 1, 2024, NULL, NULL, 37, 47, CURRENT_TIMESTAMP, CURRENT_TIMESTAMP),
(16, 2, 1, 2024, NULL, NULL, 12, 22, CURRENT_TIMESTAMP, CURRENT_TIMESTAMP),
(17, 2, 1, 2024, NULL, NULL, 42, 52, CURRENT_TIMESTAMP, CURRENT_TIMESTAMP),
(18, 2, 1, 2024, NULL, NULL, 7, 17, CURRENT_TIMESTAMP, CURRENT_TIMESTAMP),
(19, 2, 1, 2024, NULL, NULL, 47, 12, CURRENT_TIMESTAMP, CURRENT_TIMESTAMP),
(20, 2, 1, 2024, NULL, NULL, 52, 7, CURRENT_TIMESTAMP, CURRENT_TIMESTAMP),
(21, 2, 1, 2024, NULL, NULL, 24, 34, CURRENT_TIMESTAMP, CURRENT_TIMESTAMP),
(22, 2, 1, 2024, NULL, NULL, 28, 38, CURRENT_TIMESTAMP, CURRENT_TIMESTAMP),
(23, 2, 1, 2024, NULL, NULL, 18, 28, CURRENT_TIMESTAMP, CURRENT_TIMESTAMP),
(24, 2, 1, 2024, NULL, NULL, 35, 45, CURRENT_TIMESTAMP, CURRENT_TIMESTAMP),
(25, 2, 1, 2024, NULL, NULL, 39, 49, CURRENT_TIMESTAMP, CURRENT_TIMESTAMP),
(26, 2, 1, 2024, NULL, NULL, 14, 24, CURRENT_TIMESTAMP, CURRENT_TIMESTAMP),
(27, 2, 1, 2024, NULL, NULL, 44, 54, CURRENT_TIMESTAMP, CURRENT_TIMESTAMP),
(28, 2, 1, 2024, NULL, NULL, 9, 19, CURRENT_TIMESTAMP, CURRENT_TIMESTAMP),
(29, 2, 1, 2024, NULL, NULL, 49, 14, CURRENT_TIMESTAMP, CURRENT_TIMESTAMP),
(30, 2, 1, 2024, NULL, NULL, 54, 9, CURRENT_TIMESTAMP, CURRENT_TIMESTAMP),
(31, 2, 1, 2024, NULL, NULL, 26, 36, CURRENT_TIMESTAMP, CURRENT_TIMESTAMP),
(32, 2, 1, 2024, NULL, NULL, 30, 40, CURRENT_TIMESTAMP, CURRENT_TIMESTAMP),
(33, 2, 1, 2024, NULL, NULL, 20, 30, CURRENT_TIMESTAMP, CURRENT_TIMESTAMP),
(34, 2, 1, 2024, NULL, NULL, 37, 47, CURRENT_TIMESTAMP, CURRENT_TIMESTAMP),
(35, 2, 1, 2024, NULL, NULL, 41, 51, CURRENT_TIMESTAMP, CURRENT_TIMESTAMP),
(36, 2, 1, 2024, NULL, NULL, 16, 26, CURRENT_TIMESTAMP, CURRENT_TIMESTAMP),
(37, 2, 1, 2024, NULL, NULL, 46, 56, CURRENT_TIMESTAMP, CURRENT_TIMESTAMP),
(38, 2, 1, 2024, NULL, NULL, 11, 21, CURRENT_TIMESTAMP, CURRENT_TIMESTAMP),
(39, 2, 1, 2024, NULL, NULL, 51, 16, CURRENT_TIMESTAMP, CURRENT_TIMESTAMP),
(40, 2, 1, 2024, NULL, NULL, 56, 11, CURRENT_TIMESTAMP, CURRENT_TIMESTAMP),
(41, 2, 1, 2024, NULL, NULL, 28, 38, CURRENT_TIMESTAMP, CURRENT_TIMESTAMP),
(42, 2, 1, 2024, NULL, NULL, 32, 42, CURRENT_TIMESTAMP, CURRENT_TIMESTAMP),
(43, 2, 1, 2024, NULL, NULL, 22, 32, CURRENT_TIMESTAMP, CURRENT_TIMESTAMP),
(44, 2, 1, 2024, NULL, NULL, 39, 49, CURRENT_TIMESTAMP, CURRENT_TIMESTAMP),
(45, 2, 1, 2024, NULL, NULL, 43, 53, CURRENT_TIMESTAMP, CURRENT_TIMESTAMP),
(46, 2, 1, 2024, NULL, NULL, 18, 28, CURRENT_TIMESTAMP, CURRENT_TIMESTAMP),
(47, 2, 1, 2024, NULL, NULL, 48, 58, CURRENT_TIMESTAMP, CURRENT_TIMESTAMP),
(48, 2, 1, 2024, NULL, NULL, 13, 23, CURRENT_TIMESTAMP, CURRENT_TIMESTAMP),
(49, 2, 1, 2024, NULL, NULL, 53, 18, CURRENT_TIMESTAMP, CURRENT_TIMESTAMP),
(50, 2, 1, 2024, NULL, NULL, 58, 13, CURRENT_TIMESTAMP, CURRENT_TIMESTAMP),
(51, 2, 1, 2024, NULL, NULL, 20, 30, CURRENT_TIMESTAMP, CURRENT_TIMESTAMP),
(52, 2, 1, 2024, NULL, NULL, 25, 35, CURRENT_TIMESTAMP, CURRENT_TIMESTAMP),
(53, 2, 1, 2024, NULL, NULL, 15, 25, CURRENT_TIMESTAMP, CURRENT_TIMESTAMP),
(54, 2, 1, 2024, NULL, NULL, 30, 40, CURRENT_TIMESTAMP, CURRENT_TIMESTAMP),
(55, 2, 1, 2024, NULL, NULL, 35, 45, CURRENT_TIMESTAMP, CURRENT_TIMESTAMP),
(56, 2, 1, 2024, NULL, NULL, 10, 20, CURRENT_TIMESTAMP, CURRENT_TIMESTAMP),
(57, 2, 1, 2024, NULL, NULL, 40, 50, CURRENT_TIMESTAMP, CURRENT_TIMESTAMP),
(58, 2, 1, 2024, NULL, NULL, 5, 15, CURRENT_TIMESTAMP, CURRENT_TIMESTAMP),
(59, 2, 1, 2024, NULL, NULL, 45, 10, CURRENT_TIMESTAMP, CURRENT_TIMESTAMP),
(60, 2, 1, 2024, NULL, NULL, 50, 5, CURRENT_TIMESTAMP, CURRENT_TIMESTAMP),
(61, 2, 1, 2024, NULL, NULL, 22, 32, CURRENT_TIMESTAMP, CURRENT_TIMESTAMP),
(62, 2, 1, 2024, NULL, NULL, 26, 36, CURRENT_TIMESTAMP, CURRENT_TIMESTAMP),
(63, 2, 1, 2024, NULL, NULL, 17, 27, CURRENT_TIMESTAMP, CURRENT_TIMESTAMP),
(64, 2, 1, 2024, NULL, NULL, 33, 43, CURRENT_TIMESTAMP, CURRENT_TIMESTAMP),
(65, 2, 1, 2024, NULL, NULL, 37, 47, CURRENT_TIMESTAMP, CURRENT_TIMESTAMP),
(66, 2, 1, 2024, NULL, NULL, 12, 22, CURRENT_TIMESTAMP, CURRENT_TIMESTAMP),
(67, 2, 1, 2024, NULL, NULL, 42, 52, CURRENT_TIMESTAMP, CURRENT_TIMESTAMP),
(68, 2, 1, 2024, NULL, NULL, 7, 17, CURRENT_TIMESTAMP, CURRENT_TIMESTAMP),
(69, 2, 1, 2024, NULL, NULL, 47, 12, CURRENT_TIMESTAMP, CURRENT_TIMESTAMP),
(70, 2, 1, 2024, NULL, NULL, 52, 7, CURRENT_TIMESTAMP, CURRENT_TIMESTAMP),
(71, 2, 1, 2024, NULL, NULL, 24, 34, CURRENT_TIMESTAMP, CURRENT_TIMESTAMP),
(72, 2, 1, 2024, NULL, NULL, 28, 38, CURRENT_TIMESTAMP, CURRENT_TIMESTAMP),
(73, 2, 1, 2024, NULL, NULL, 18, 28, CURRENT_TIMESTAMP, CURRENT_TIMESTAMP),
(74, 2, 1, 2024, NULL, NULL, 35, 45, CURRENT_TIMESTAMP, CURRENT_TIMESTAMP),
(75, 2, 1, 2024, NULL, NULL, 39, 49, CURRENT_TIMESTAMP, CURRENT_TIMESTAMP),
(76, 2, 1, 2024, NULL, NULL, 14, 24, CURRENT_TIMESTAMP, CURRENT_TIMESTAMP),
(77, 2, 1, 2024, NULL, NULL, 44, 54, CURRENT_TIMESTAMP, CURRENT_TIMESTAMP),
(78, 2, 1, 2024, NULL, NULL, 9, 19, CURRENT_TIMESTAMP, CURRENT_TIMESTAMP),
(79, 2, 1, 2024, NULL, NULL, 49, 14, CURRENT_TIMESTAMP, CURRENT_TIMESTAMP),
(80, 2, 1, 2024, NULL, NULL, 54, 9, CURRENT_TIMESTAMP, CURRENT_TIMESTAMP),
(81, 2, 1, 2024, NULL, NULL, 26, 36, CURRENT_TIMESTAMP, CURRENT_TIMESTAMP),
(82, 2, 1, 2024, NULL, NULL, 30, 40, CURRENT_TIMESTAMP, CURRENT_TIMESTAMP),
(83, 2, 1, 2024, NULL, NULL, 20, 30, CURRENT_TIMESTAMP, CURRENT_TIMESTAMP),
(84, 2, 1, 2024, NULL, NULL, 37, 47, CURRENT_TIMESTAMP, CURRENT_TIMESTAMP),
(85, 2, 1, 2024, NULL, NULL, 41, 51, CURRENT_TIMESTAMP, CURRENT_TIMESTAMP),
(86, 2, 1, 2024, NULL, NULL, 16, 26, CURRENT_TIMESTAMP, CURRENT_TIMESTAMP),
(87, 2, 1, 2024, NULL, NULL, 46, 56, CURRENT_TIMESTAMP, CURRENT_TIMESTAMP),
(88, 2, 1, 2024, NULL, NULL, 11, 21, CURRENT_TIMESTAMP, CURRENT_TIMESTAMP),
(89, 2, 1, 2024, NULL, NULL, 51, 16, CURRENT_TIMESTAMP, CURRENT_TIMESTAMP),
(90, 2, 1, 2024, NULL, NULL, 56, 11, CURRENT_TIMESTAMP, CURRENT_TIMESTAMP),
(91, 2, 1, 2024, NULL, NULL, 28, 38, CURRENT_TIMESTAMP, CURRENT_TIMESTAMP),
(92, 2, 1, 2024, NULL, NULL, 32, 42, CURRENT_TIMESTAMP, CURRENT_TIMESTAMP),
(93, 2, 1, 2024, NULL, NULL, 22, 32, CURRENT_TIMESTAMP, CURRENT_TIMESTAMP),
(94, 2, 1, 2024, NULL, NULL, 39, 49, CURRENT_TIMESTAMP, CURRENT_TIMESTAMP),
(95, 2, 1, 2024, NULL, NULL, 43, 53, CURRENT_TIMESTAMP, CURRENT_TIMESTAMP),
(96, 2, 1, 2024, NULL, NULL, 18, 28, CURRENT_TIMESTAMP, CURRENT_TIMESTAMP),
(97, 2, 1, 2024, NULL, NULL, 48, 58, CURRENT_TIMESTAMP, CURRENT_TIMESTAMP),
(98, 2, 1, 2024, NULL, NULL, 13, 23, CURRENT_TIMESTAMP, CURRENT_TIMESTAMP),
(99, 2, 1, 2024, NULL, NULL, 53, 18, CURRENT_TIMESTAMP, CURRENT_TIMESTAMP),
(100, 2, 1, 2024, NULL, NULL, 58, 13, CURRENT_TIMESTAMP, CURRENT_TIMESTAMP),
(101, 2, 1, 2024, NULL, NULL, 20, 30, CURRENT_TIMESTAMP, CURRENT_TIMESTAMP),
(102, 2, 1, 2024, NULL, NULL, 25, 35, CURRENT_TIMESTAMP, CURRENT_TIMESTAMP),
(103, 2, 1, 2024, NULL, NULL, 15, 25, CURRENT_TIMESTAMP, CURRENT_TIMESTAMP),
(104, 2, 1, 2024, NULL, NULL, 30, 40, CURRENT_TIMESTAMP, CURRENT_TIMESTAMP),
(105, 2, 1, 2024, NULL, NULL, 35, 45, CURRENT_TIMESTAMP, CURRENT_TIMESTAMP),
(106, 2, 1, 2024, NULL, NULL, 10, 20, CURRENT_TIMESTAMP, CURRENT_TIMESTAMP),
(107, 2, 1, 2024, NULL, NULL, 40, 50, CURRENT_TIMESTAMP, CURRENT_TIMESTAMP),
(108, 2, 1, 2024, NULL, NULL, 5, 15, CURRENT_TIMESTAMP, CURRENT_TIMESTAMP),
(109, 2, 1, 2024, NULL, NULL, 45, 10, CURRENT_TIMESTAMP, CURRENT_TIMESTAMP),
(110, 2, 1, 2024, NULL, NULL, 50, 5, CURRENT_TIMESTAMP, CURRENT_TIMESTAMP),
(111, 2, 1, 2024, NULL, NULL, 22, 32, CURRENT_TIMESTAMP, CURRENT_TIMESTAMP),
(112, 2, 1, 2024, NULL, NULL, 26, 36, CURRENT_TIMESTAMP, CURRENT_TIMESTAMP),
(113, 2, 1, 2024, NULL, NULL, 17, 27, CURRENT_TIMESTAMP, CURRENT_TIMESTAMP),
(114, 2, 1, 2024, NULL, NULL, 33, 43, CURRENT_TIMESTAMP, CURRENT_TIMESTAMP),
(115, 2, 1, 2024, NULL, NULL, 37, 47, CURRENT_TIMESTAMP, CURRENT_TIMESTAMP),
(116, 2, 1, 2024, NULL, NULL, 12, 22, CURRENT_TIMESTAMP, CURRENT_TIMESTAMP),
(117, 2, 1, 2024, NULL, NULL, 42, 52, CURRENT_TIMESTAMP, CURRENT_TIMESTAMP),
(118, 2, 1, 2024, NULL, NULL, 7, 17, CURRENT_TIMESTAMP, CURRENT_TIMESTAMP),
(119, 2, 1, 2024, NULL, NULL, 47, 12, CURRENT_TIMESTAMP, CURRENT_TIMESTAMP),
(120, 2, 1, 2024, NULL, NULL, 52, 7, CURRENT_TIMESTAMP, CURRENT_TIMESTAMP),
(121, 2, 1, 2024, NULL, NULL, 24, 34, CURRENT_TIMESTAMP, CURRENT_TIMESTAMP),
(122, 2, 1, 2024, NULL, NULL, 28, 38, CURRENT_TIMESTAMP, CURRENT_TIMESTAMP),
(123, 2, 1, 2024, NULL, NULL, 18, 28, CURRENT_TIMESTAMP, CURRENT_TIMESTAMP),
(124, 2, 1, 2024, NULL, NULL, 35, 45, CURRENT_TIMESTAMP, CURRENT_TIMESTAMP),
(125, 2, 1, 2024, NULL, NULL, 39, 49, CURRENT_TIMESTAMP, CURRENT_TIMESTAMP),
(126, 2, 1, 2024, NULL, NULL, 14, 24, CURRENT_TIMESTAMP, CURRENT_TIMESTAMP),
(127, 2, 1, 2024, NULL, NULL, 44, 54, CURRENT_TIMESTAMP, CURRENT_TIMESTAMP),
(128, 2, 1, 2024, NULL, NULL, 9, 19, CURRENT_TIMESTAMP, CURRENT_TIMESTAMP),
(129, 2, 1, 2024, NULL, NULL, 49, 14, CURRENT_TIMESTAMP, CURRENT_TIMESTAMP),
(130, 2, 1, 2024, NULL, NULL, 54, 9, CURRENT_TIMESTAMP, CURRENT_TIMESTAMP),
(131, 2, 1, 2024, NULL, NULL, 26, 36, CURRENT_TIMESTAMP, CURRENT_TIMESTAMP),
(132, 2, 1, 2024, NULL, NULL, 30, 40, CURRENT_TIMESTAMP, CURRENT_TIMESTAMP),
(133, 2, 1, 2024, NULL, NULL, 20, 30, CURRENT_TIMESTAMP, CURRENT_TIMESTAMP),
(134, 2, 1, 2024, NULL, NULL, 37, 47, CURRENT_TIMESTAMP, CURRENT_TIMESTAMP),
(135, 2, 1, 2024, NULL, NULL, 41, 51, CURRENT_TIMESTAMP, CURRENT_TIMESTAMP),
(136, 2, 1, 2024, NULL, NULL, 16, 26, CURRENT_TIMESTAMP, CURRENT_TIMESTAMP),
(137, 2, 1, 2024, NULL, NULL, 46, 56, CURRENT_TIMESTAMP, CURRENT_TIMESTAMP),
(138, 2, 1, 2024, NULL, NULL, 11, 21, CURRENT_TIMESTAMP, CURRENT_TIMESTAMP),
(139, 2, 1, 2024, NULL, NULL, 51, 16, CURRENT_TIMESTAMP, CURRENT_TIMESTAMP),
(140, 2, 1, 2024, NULL, NULL, 56, 11, CURRENT_TIMESTAMP, CURRENT_TIMESTAMP),
(141, 2, 1, 2024, NULL, NULL, 28, 38, CURRENT_TIMESTAMP, CURRENT_TIMESTAMP),
(142, 2, 1, 2024, NULL, NULL, 32, 42, CURRENT_TIMESTAMP, CURRENT_TIMESTAMP),
(143, 2, 1, 2024, NULL, NULL, 22, 32, CURRENT_TIMESTAMP, CURRENT_TIMESTAMP),
(144, 2, 1, 2024, NULL, NULL, 39, 49, CURRENT_TIMESTAMP, CURRENT_TIMESTAMP),
(145, 2, 1, 2024, NULL, NULL, 43, 53, CURRENT_TIMESTAMP, CURRENT_TIMESTAMP),
(146, 2, 1, 2024, NULL, NULL, 18, 28, CURRENT_TIMESTAMP, CURRENT_TIMESTAMP),
(147, 2, 1, 2024, NULL, NULL, 48, 58, CURRENT_TIMESTAMP, CURRENT_TIMESTAMP),
(148, 2, 1, 2024, NULL, NULL, 13, 23, CURRENT_TIMESTAMP, CURRENT_TIMESTAMP),
(149, 2, 1, 2024, NULL, NULL, 53, 18, CURRENT_TIMESTAMP, CURRENT_TIMESTAMP),
(150, 2, 1, 2024, NULL, NULL, 58, 13, CURRENT_TIMESTAMP, CURRENT_TIMESTAMP),
(151, 2, 1, 2024, NULL, NULL, 19, 29, CURRENT_TIMESTAMP, CURRENT_TIMESTAMP),
(152, 2, 1, 2024, NULL, NULL, 24, 34, CURRENT_TIMESTAMP, CURRENT_TIMESTAMP),
(153, 2, 1, 2024, NULL, NULL, 21, 31, CURRENT_TIMESTAMP, CURRENT_TIMESTAMP),
(154, 2, 1, 2024, NULL, NULL, 38, 48, CURRENT_TIMESTAMP, CURRENT_TIMESTAMP),
(155, 2, 1, 2024, NULL, NULL, 42, 52, CURRENT_TIMESTAMP, CURRENT_TIMESTAMP),
(156, 2, 1, 2024, NULL, NULL, 17, 27, CURRENT_TIMESTAMP, CURRENT_TIMESTAMP),
(157, 2, 1, 2024, NULL, NULL, 47, 57, CURRENT_TIMESTAMP, CURRENT_TIMESTAMP),
(158, 2, 1, 2024, NULL, NULL, 12, 22, CURRENT_TIMESTAMP, CURRENT_TIMESTAMP),
(159, 2, 1, 2024, NULL, NULL, 52, 17, CURRENT_TIMESTAMP, CURRENT_TIMESTAMP),
(160, 2, 1, 2024, NULL, NULL, 57, 12, CURRENT_TIMESTAMP, CURRENT_TIMESTAMP),
(161, 2, 1, 2024, NULL, NULL, 29, 39, CURRENT_TIMESTAMP, CURRENT_TIMESTAMP),
(162, 2, 1, 2024, NULL, NULL, 34, 44, CURRENT_TIMESTAMP, CURRENT_TIMESTAMP),
(163, 2, 1, 2024, NULL, NULL, 23, 33, CURRENT_TIMESTAMP, CURRENT_TIMESTAMP),
(164, 2, 1, 2024, NULL, NULL, 40, 50, CURRENT_TIMESTAMP, CURRENT_TIMESTAMP),
(165, 2, 1, 2024, NULL, NULL, 45, 55, CURRENT_TIMESTAMP, CURRENT_TIMESTAMP),
(166, 2, 1, 2024, NULL, NULL, 19, 29, CURRENT_TIMESTAMP, CURRENT_TIMESTAMP),
(167, 2, 1, 2024, NULL, NULL, 50, 60, CURRENT_TIMESTAMP, CURRENT_TIMESTAMP),
(168, 2, 1, 2024, NULL, NULL, 14, 24, CURRENT_TIMESTAMP, CURRENT_TIMESTAMP),
(169, 2, 1, 2024, NULL, NULL, 55, 19, CURRENT_TIMESTAMP, CURRENT_TIMESTAMP),
(170, 2, 1, 2024, NULL, NULL, 60, 14, CURRENT_TIMESTAMP, CURRENT_TIMESTAMP),
(171, 2, 1, 2024, NULL, NULL, 25, 35, CURRENT_TIMESTAMP, CURRENT_TIMESTAMP),
(172, 2, 1, 2024, NULL, NULL, 30, 40, CURRENT_TIMESTAMP, CURRENT_TIMESTAMP),
(173, 2, 1, 2024, NULL, NULL, 20, 30, CURRENT_TIMESTAMP, CURRENT_TIMESTAMP),
(174, 2, 1, 2024, NULL, NULL, 37, 47, CURRENT_TIMESTAMP, CURRENT_TIMESTAMP),
(175, 2, 1, 2024, NULL, NULL, 41, 51, CURRENT_TIMESTAMP, CURRENT_TIMESTAMP);

/*!40103 SET TIME_ZONE=@OLD_TIME_ZONE */;

/*!40101 SET SQL_MODE=@OLD_SQL_MODE */;
/*!40014 SET FOREIGN_KEY_CHECKS=@OLD_FOREIGN_KEY_CHECKS */;
/*!40014 SET UNIQUE_CHECKS=@OLD_UNIQUE_CHECKS */;
/*!40101 SET CHARACTER_SET_CLIENT=@OLD_CHARACTER_SET_CLIENT */;
/*!40101 SET CHARACTER_SET_RESULTS=@OLD_CHARACTER_SET_RESULTS */;
/*!40101 SET COLLATION_CONNECTION=@OLD_COLLATION_CONNECTION */;
/*!40111 SET SQL_NOTES=@OLD_SQL_NOTES */;





